Date;Amounts due from domestic correspondents;Amounts due to the Confederation;Balances from swap transactions against CHF;Banknotes in circulation;CHF securities;Claims from CHF repo transactions;Claims from USD repo transactions;Domestic money market claims;Foreign currency investments;Foreign currency liabilities;Gold holdings and claims from gold transactions;IMF SDR counterpart;International payment instruments;Liabilities from CHF repo transactions;Loan to stabilisation fund;Monetary assistance loans;Other assets;Other liabilities;Other sight liabilities;Other time liabilities;Provisions and equity capital;Reserve position in the IMF;SNB debt certificates;Secured loans;Sight deposits of domestic banks;Sight deposits of foreign banks and institutions;Total assets;Total liabilities
1996-12-01;514,50;1.654,80;0,00;32.447,60;4.821,50;0,00;0,00;1.581,70;49.328,40;0,00;11.903,90;0,00;290,00;0,00;0,00;204,30;1.813,80;2.154,90;204,10;0,00;31.104,60;2.067,80;0,00;0,00;4.927,38;32,70;72.526,10;72.526,10
1997-01-01;364,00;1.585,60;0,00;29.656,00;4.818,90;0,00;0,00;282,60;47.263,30;0,00;11.903,90;0,00;315,30;0,00;0,00;204,30;1.101,80;2.214,20;230,10;0,00;31.104,60;2.068,00;0,00;0,00;3.493,57;38,10;68.322,20;68.322,20
1997-02-01;132,60;1.677,50;0,00;29.508,40;4.811,70;0,00;0,00;1.633,90;46.147,10;0,00;11.903,90;0,00;414,00;0,00;0,00;204,30;1.104,50;2.347,40;197,90;0,00;31.104,60;1.999,00;0,00;0,00;3.456,77;58,50;68.351,10;68.351,10
1997-03-01;175,90;1.542,80;0,00;29.986,40;4.832,10;0,00;0,00;1.762,80;48.885,00;0,00;11.903,90;0,00;358,20;0,00;0,00;177,00;1.122,60;4.503,80;208,10;0,00;31.115,50;2.043,80;0,00;0,00;3.853,68;51,10;71.261,30;71.261,30
1997-04-01;352,00;1.919,10;0,00;29.273,20;4.831,00;0,00;0,00;645,30;48.188,30;0,00;11.903,90;0,00;292,80;0,00;0,00;177,00;1.472,70;4.158,90;182,30;0,00;31.116,50;2.043,90;0,00;0,00;3.185,99;70,90;69.906,80;69.906,80
1997-05-01;136,60;2.816,50;0,00;29.318,60;4.858,60;0,00;0,00;1.598,70;49.430,70;0,00;11.903,90;0,00;336,00;0,00;0,00;177,00;1.130,30;4.360,80;191,00;0,00;31.116,50;2.044,10;0,00;0,00;3.772,92;39,60;71.615,90;71.615,90
1997-06-01;341,40;1.864,30;0,00;29.437,80;4.908,00;0,00;0,00;1.897,60;48.304,00;0,00;11.903,90;0,00;289,90;0,00;0,00;234,70;1.202,00;4.166,10;222,10;0,00;31.116,50;2.028,70;0,00;0,00;4.249,07;54,60;71.110,40;71.110,40
1997-07-01;344,40;1.672,20;0,00;29.029,00;4.913,60;0,00;0,00;1.708,80;47.545,30;0,00;11.903,90;0,00;385,50;0,00;0,00;276,40;1.169,20;4.350,20;183,30;0,00;31.116,50;2.028,90;0,00;0,00;3.895,58;29,40;70.276,10;70.276,10
1997-08-01;216,40;1.248,30;0,00;28.907,80;4.945,30;0,00;0,00;1.148,50;47.643,50;0,00;11.903,90;0,00;486,80;0,00;0,00;276,40;1.138,20;4.541,20;185,80;0,00;31.116,50;2.060,30;0,00;0,00;3.784,35;35,40;69.819,30;69.819,30
1997-09-01;273,20;1.894,50;0,00;28.793,10;4.878,40;0,00;0,00;1.398,10;48.313,60;0,00;11.903,90;0,00;339,30;0,00;0,00;316,90;1.148,60;4.392,10;194,00;0,00;31.116,50;2.104,20;0,00;0,00;4.227,65;58,40;70.676,20;70.676,20
1997-10-01;364,10;1.585,10;0,00;29.142,00;4.925,90;0,00;0,00;1.273,60;48.107,50;0,00;11.903,90;0,00;284,60;0,00;0,00;316,90;1.147,80;4.609,90;188,70;0,00;31.116,50;2.104,40;0,00;0,00;3.740,13;46,50;70.428,80;70.428,80
1997-11-01;213,10;662,60;0,00;29.476,90;4.928,90;0,00;0,00;1.092,90;48.326,90;0,00;11.903,90;0,00;275,90;0,00;0,00;316,90;1.137,10;4.382,10;182,40;0,00;31.116,50;2.292,30;0,00;0,00;4.635,56;31,90;70.488,00;70.488,00
1997-12-01;415,40;2.457,30;0,00;32.141,80;4.941,00;0,00;0,00;673,50;53.270,60;0,00;11.906,60;0,00;452,40;0,00;0,00;315,40;1.164,70;1.522,70;230,30;0,00;34.404,20;2.765,00;0,00;0,00;5.100,85;47,30;75.904,50;75.904,50
1998-01-01;160,00;3.943,30;0,00;29.835,80;4.919,30;0,00;0,00;3.445,10;47.405,80;0,00;11.906,60;0,00;351,50;0,00;0,00;315,40;1.206,00;524,50;193,40;0,00;34.404,20;2.760,20;0,00;0,00;3.526,75;42,10;72.469,90;72.469,90
1998-02-01;57,60;3.180,60;0,00;29.641,10;4.943,00;0,00;0,00;2.670,90;47.294,20;0,00;11.906,60;0,00;481,10;0,00;0,00;315,40;1.201,90;676,70;204,80;0,00;34.404,20;3.281,60;0,00;0,00;3.975,84;68,90;72.152,20;72.152,20
1998-03-01;322,50;1.861,10;0,00;29.601,40;4.939,20;0,00;0,00;1.496,80;49.400,40;0,00;11.913,10;0,00;411,50;0,00;0,00;327,30;1.187,60;3.171,30;184,80;0,00;34.404,20;3.367,40;0,00;0,00;4.110,25;32,90;73.366,00;73.366,00
1998-04-01;298,60;4.277,50;0,00;29.901,70;4.936,30;5.230,40;0,00;0,00;47.410,50;0,00;11.913,10;0,00;374,90;0,00;0,00;382,70;1.193,00;2.589,80;193,20;0,00;34.405,20;3.387,90;0,00;0,00;3.730,85;29,00;75.127,40;75.127,40
1998-05-01;292,60;8.093,80;0,00;29.892,70;4.948,80;8.193,70;0,00;0,00;47.804,30;0,00;11.913,10;0,00;294,00;0,00;0,00;382,70;1.700,20;2.804,30;184,40;0,00;34.405,20;3.380,40;0,00;0,00;3.487,07;42,40;78.909,90;78.909,90
1998-06-01;352,60;7.732,50;0,00;30.000,60;4.908,50;8.117,60;0,00;0,00;49.036,00;0,00;11.921,20;0,00;378,10;0,00;0,00;408,50;1.223,80;3.330,80;186,40;0,00;34.405,20;3.680,20;0,00;0,00;4.344,78;26,00;80.026,30;80.026,30
1998-07-01;296,80;9.455,20;0,00;29.740,30;4.930,90;10.557,70;0,00;0,00;47.989,50;0,00;11.921,20;0,00;357,60;0,00;0,00;582,40;1.173,90;3.459,10;197,90;0,00;34.405,20;3.733,00;0,00;0,00;4.254,14;30,90;81.542,80;81.542,80
1998-08-01;259,10;9.550,70;0,00;29.584,40;4.963,10;10.542,60;0,00;0,00;48.194,60;0,00;11.921,20;0,00;243,70;0,00;0,00;582,40;1.176,30;3.569,90;206,40;0,00;34.405,20;3.842,50;0,00;0,00;4.379,66;29,30;81.725,50;81.725,50
1998-09-01;277,40;8.817,30;0,00;29.691,50;5.015,80;12.333,00;0,00;0,00;45.138,30;0,00;11.930,40;0,00;399,50;0,00;0,00;543,90;1.846,70;1.751,60;508,60;0,00;34.405,20;3.615,50;0,00;0,00;5.842,39;83,90;81.100,50;81.100,50
1998-10-01;195,10;13.777,10;0,00;29.832,00;5.028,40;14.268,10;0,00;0,00;48.817,80;0,00;11.930,40;0,00;157,60;0,00;0,00;543,90;1.216,00;1.709,00;230,10;0,00;34.405,20;3.615,60;0,00;0,00;5.639,13;180,40;85.772,90;85.772,90
1998-11-01;233,60;14.395,60;0,00;30.333,70;5.005,50;15.507,30;0,00;0,00;49.300,30;0,00;11.930,40;0,00;190,70;0,30;0,00;487,50;1.213,00;2.118,80;240,00;0,00;34.405,20;3.683,70;0,00;0,00;5.828,33;229,90;87.552,00;87.552,00
1998-12-01;378,80;15.119,60;0,00;33.218,80;5.010,00;17.348,30;0,00;0,00;52.805,70;175,90;11.930,20;0,00;390,80;0,00;0,00;768,30;1.158,10;1.773,30;236,10;0,00;35.313,40;3.070,60;0,00;0,00;6.860,14;163,50;92.860,70;92.860,70
1999-01-01;84,70;14.425,70;0,00;30.916,20;4.996,50;15.778,40;0,00;0,00;50.297,30;0,60;11.930,20;0,00;217,70;0,00;0,00;767,90;1.206,00;2.402,00;261,40;0,00;35.313,30;3.070,70;0,00;0,00;4.880,54;149,60;88.349,30;88.349,30
1999-02-01;123,50;12.226,40;0,00;30.604,50;4.984,50;15.440,70;0,00;0,00;48.823,40;177,80;11.930,20;0,00;95,30;0,00;0,00;711,50;1.249,80;2.880,60;266,50;0,00;35.313,30;3.150,40;0,00;0,00;4.906,59;133,70;86.509,30;86.509,30
1999-03-01;315,40;12.502,60;0,00;31.386,30;4.947,60;15.110,90;0,00;0,00;50.415,50;2,30;11.923,30;0,00;376,70;0,00;0,00;283,20;1.507,30;3.675,30;251,60;0,00;35.313,30;3.375,40;0,00;0,00;4.997,38;126,60;88.255,40;88.255,40
1999-04-01;244,30;14.439,60;0,00;30.936,40;4.966,60;16.942,70;0,00;0,00;50.201,20;179,90;11.923,30;0,00;132,30;0,00;0,00;283,20;1.200,10;2.282,90;223,30;0,00;35.314,20;3.122,50;0,00;0,00;5.517,58;122,30;89.016,30;89.016,30
1999-05-01;293,20;17.683,80;0,00;30.898,90;4.935,70;20.794,80;0,00;0,00;49.162,10;2,30;11.923,30;0,00;118,90;0,00;0,00;283,20;1.265,60;2.562,50;307,20;0,00;35.314,20;3.122,60;0,00;0,00;4.966,17;164,40;91.899,40;91.899,40
1999-06-01;365,70;19.689,20;0,00;30.919,50;4.819,90;20.673,70;0,00;0,00;51.930,80;0,50;11.917,80;0,00;214,70;0,00;0,00;290,10;1.145,30;3.040,70;218,30;0,00;35.313,80;3.138,30;0,00;0,00;5.148,52;165,80;94.496,20;94.496,20
1999-07-01;246,60;18.763,90;0,00;30.589,50;4.850,60;22.152,70;0,00;0,00;48.597,10;234,40;11.917,80;0,00;133,40;1,10;0,00;290,10;1.186,00;3.192,50;299,50;0,00;35.313,70;3.138,30;0,00;0,00;3.976,20;141,80;92.512,60;92.512,60
1999-08-01;201,50;21.157,30;0,00;30.477,70;4.883,00;23.793,70;0,00;0,00;50.633,30;711,80;11.917,80;0,00;155,10;0,00;0,00;290,10;1.177,60;3.574,40;224,30;0,00;35.313,70;2.813,70;0,00;0,00;4.238,97;167,50;95.865,70;95.865,70
1999-09-01;294,00;17.520,60;0,00;30.877,80;4.828,10;19.653,30;0,00;0,00;50.641,80;758,90;11.929,20;0,00;133,60;0,00;0,00;290,40;1.192,10;2.380,10;235,70;0,00;35.313,60;2.722,70;0,00;0,00;4.431,31;167,00;91.685,10;91.685,10
1999-10-01;185,80;17.660,40;0,00;30.950,40;4.870,90;18.552,30;0,00;0,00;50.851,50;688,30;11.929,20;0,00;281,30;0,00;0,00;290,40;1.176,80;2.602,30;207,00;0,00;35.313,60;2.718,10;0,00;0,00;3.258,47;176,00;90.856,40;90.856,40
1999-11-01;232,90;17.139,10;0,00;32.240,40;4.897,30;19.903,30;0,00;0,00;50.216,20;161,80;11.929,20;0,00;310,00;0,00;0,00;290,40;1.498,00;2.918,00;253,20;0,00;35.313,50;2.550,20;0,00;0,00;3.598,60;202,90;91.827,60;91.827,60
1999-12-01;390,80;16.862,00;0,00;37.184,80;4.884,90;28.136,00;0,00;0,00;54.608,20;355,10;11.938,60;0,00;756,40;6,50;0,00;306,50;1.139,90;1.774,40;295,40;0,00;38.263,30;2.677,60;0,00;0,00;9.883,34;214,00;104.838,90;104.838,90
2000-01-01;224,90;16.211,40;0,00;32.392,20;4.910,30;21.796,40;0,00;0,00;48.824,60;7,20;11.938,60;0,00;626,90;0,00;0,00;306,50;1.201,30;2.078,70;246,10;0,00;38.262,80;2.614,00;0,00;0,00;3.046,46;198,70;92.443,50;92.443,50
2000-02-01;154,30;12.084,30;0,00;31.926,60;4.992,30;21.707,40;0,00;0,00;46.080,60;7,00;11.938,60;0,00;609,60;0,00;0,00;306,50;1.198,40;2.527,10;242,40;0,00;38.262,60;2.614,10;0,00;0,00;4.361,66;190,20;89.601,80;89.601,80
2000-03-01;328,60;10.334,10;0,00;32.049,70;4.820,00;20.506,70;0,00;0,00;46.833,30;343,00;11.944,70;0,00;459,80;0,00;0,00;313,90;1.115,30;2.889,10;231,80;0,00;38.262,40;2.699,40;0,00;0,00;4.721,64;189,80;89.021,50;89.021,50
2000-04-01;139,60;7.431,80;0,00;32.094,00;4.863,30;16.959,70;0,00;0,00;46.988,00;332,90;11.944,70;0,00;314,20;0,00;0,00;313,90;1.221,30;3.021,30;228,20;0,00;38.262,10;2.399,60;0,00;0,00;3.591,32;182,50;85.144,10;85.144,10
2000-05-01;209,60;12.852,10;0,00;31.686,60;4.889,90;20.370,70;0,00;0,00;47.874,00;585,70;39.273,70;0,00;442,60;0,00;0,00;259,10;1.174,80;29.584,30;244,80;0,00;38.262,90;2.399,70;0,00;0,00;3.517,86;159,70;116.894,00;116.894,00
2000-06-01;206,00;15.347,60;0,00;31.844,00;4.870,80;24.419,70;0,00;0,00;46.470,40;365,40;38.396,60;0,00;475,40;0,00;0,00;255,80;1.115,40;27.510,30;217,20;0,00;38.262,60;2.272,90;0,00;0,00;4.774,21;161,80;118.483,10;118.483,10
2000-07-01;119,60;15.555,80;0,00;31.520,00;4.795,60;23.007,70;0,00;0,00;47.759,00;563,80;38.105,90;0,00;334,30;0,00;0,00;270,80;1.181,10;28.282,10;204,60;0,00;38.262,10;2.273,10;0,00;0,00;3.304,72;154,10;117.847,20;117.847,20
2000-08-01;185,90;14.472,70;0,00;31.296,50;4.940,80;21.791,70;0,00;0,00;48.323,30;516,80;37.730,50;0,00;466,20;0,00;0,00;270,80;1.284,10;28.520,80;217,30;0,00;38.261,80;2.139,20;0,00;0,00;3.706,04;140,70;117.132,60;117.132,60
2000-09-01;119,40;14.851,80;0,00;31.577,60;5.068,90;24.214,50;0,00;0,00;49.783,40;131,40;37.701,20;0,00;289,50;0,00;0,00;275,90;1.142,70;30.248,40;314,40;0,00;38.261,50;2.158,50;0,00;0,00;5.179,79;189,10;120.754,00;120.754,00
2000-10-01;175,00;12.287,70;0,00;31.525,10;5.109,20;19.321,50;0,00;0,00;50.382,30;1,60;37.433,00;0,00;166,50;0,00;0,00;263,40;1.324,20;30.578,20;192,70;0,00;38.261,20;2.158,70;0,00;0,00;3.327,08;160,40;116.333,90;116.333,90
2000-11-01;102,30;10.546,30;0,00;32.056,50;5.211,80;18.605,50;0,00;0,00;50.925,90;280,70;37.166,50;0,00;185,10;0,40;0,00;278,80;1.109,90;30.893,30;244,60;0,00;38.260,80;2.155,60;0,00;0,00;3.281,82;176,90;115.741,50;115.741,50
2000-12-01;276,30;10.052,70;0,00;35.485,70;5.409,80;24.182,00;0,00;0,00;50.452,80;440,20;34.724,80;0,00;268,50;0,00;0,00;352,40;1.353,00;1.635,60;161,50;0,00;64.925,70;2.078,80;0,00;0,00;6.193,60;203,40;119.098,40;119.098,40
2001-01-01;142,46;6.856,11;0,00;32.454,75;5.522,44;17.967,03;0,00;0,00;47.351,78;0,49;34.481,19;0,00;130,67;0,00;0,00;352,42;1.376,74;117,41;209,02;0,00;66.607,30;2.186,70;0,00;0,00;3.093,25;174,17;109.511,41;109.511,41
2001-02-01;50,44;5.346,39;0,00;32.595,65;5.580,95;17.321,03;0,00;0,00;49.032,47;1.443,82;34.258,96;0,00;253,32;0,00;0,00;352,42;1.386,28;110,59;235,56;0,00;67.141,92;2.110,39;0,00;0,00;3.317,90;156,52;110.346,26;110.346,26
2001-03-01;95,56;4.566,83;0,00;32.759,75;5.648,78;19.001,79;0,00;0,00;49.456,32;448,81;34.122,88;0,00;213,27;0,00;0,00;357,02;1.164,83;376,37;254,05;0,00;68.345,61;2.149,32;0,00;0,00;5.263,87;195,60;112.209,76;112.209,76
2001-04-01;50,70;4.968,65;0,00;33.031,35;5.707,40;16.731,79;0,00;0,00;51.072,71;2.319,67;33.908,17;0,00;184,76;0,00;0,00;357,02;1.113,10;385,90;198,93;0,00;67.007,39;2.094,77;0,00;0,00;3.101,62;209,63;111.220,43;111.220,43
2001-05-01;102,10;7.097,06;0,00;33.019,33;5.693,59;18.807,79;0,00;0,00;50.967,78;2.366,43;33.655,34;0,00;681,39;0,00;0,00;357,02;1.308,22;379,26;220,78;0,00;67.303,22;2.242,07;0,00;0,00;3.193,41;236,82;113.815,30;113.815,30
2001-06-01;55,39;10.004,26;0,00;33.405,64;5.667,26;24.403,36;0,00;0,00;50.673,98;1.447,93;36.220,08;0,00;853,73;0,00;0,00;366,76;1.136,50;489,57;227,97;0,00;70.616,37;2.278,93;0,00;0,00;5.232,70;232,65;121.655,99;121.655,99
2001-07-01;14,87;5.924,63;0,00;33.301,99;5.667,84;18.410,36;0,00;0,00;50.590,91;803,48;35.956,02;0,00;545,46;0,00;0,00;366,76;1.156,42;480,82;208,26;0,00;70.884,03;2.474,27;0,00;0,00;3.321,13;263,31;115.182,91;115.182,91
2001-08-01;50,55;6.357,40;0,00;33.104,15;5.820,29;19.012,36;0,00;0,00;51.848,90;1.501,82;35.696,32;0,00;517,95;0,00;0,00;366,76;1.104,27;480,34;232,02;0,00;71.208,92;2.411,10;0,00;0,00;3.709,92;237,36;116.828,50;116.828,50
2001-09-01;21,16;5.436,96;0,00;33.583,74;5.968,94;20.233,81;0,00;0,00;49.403,14;652,26;34.291,86;0,00;312,84;0,00;0,00;339,19;1.347,07;209,93;194,79;0,00;68.418,70;2.598,39;0,00;0,00;5.744,97;275,04;114.516,40;114.516,40
2001-10-01;9,79;2.319,93;0,00;33.961,96;6.005,09;15.007,81;0,00;0,00;49.716,66;887,48;33.909,28;0,00;259,10;0,37;0,00;339,19;1.502,44;210,03;222,38;0,00;68.575,86;2.588,24;0,00;0,00;2.888,01;271,59;109.337,61;109.337,61
2001-11-01;16,00;1.926,97;0,00;34.980,15;6.082,81;16.801,81;0,00;0,00;49.751,27;876,32;33.547,95;0,00;275,49;0,00;0,00;339,19;1.370,44;211,53;206,35;0,00;68.915,46;2.450,41;0,00;0,00;3.375,44;143,15;110.635,37;110.635,37
2001-12-01;73,67;2.406,00;0,00;39.844,69;5.999,99;25.912,09;0,00;0,00;50.580,84;1.469,66;32.982,36;0,00;476,27;0,00;0,00;347,18;1.115,03;323,36;182,72;0,00;68.979,95;2.665,72;0,00;0,00;6.316,92;629,82;120.153,14;120.153,14
2002-01-01;13,57;2.372,62;0,00;36.188,20;6.056,54;19.488,09;0,00;0,00;50.729,48;1.458,34;32.608,26;0,00;347,32;0,00;0,00;347,18;1.143,08;1.831,72;196,26;0,00;67.800,31;2.665,82;0,00;0,00;3.396,64;155,24;113.399,32;113.399,32
2002-02-01;21,19;1.130,79;0,00;35.875,68;5.930,76;18.807,09;0,00;0,00;50.575,08;711,51;32.246,65;0,00;300,71;0,00;0,00;347,18;1.209,16;1.831,35;247,20;0,00;68.088,96;2.679,58;0,00;0,00;4.073,57;158,32;112.117,39;112.117,39
2002-03-01;8,11;3.242,08;0,00;36.310,91;5.949,75;22.513,03;0,00;0,00;51.130,61;1.862,66;34.906,21;0,00;274,00;0,00;0,00;340,59;1.124,41;1.750,22;197,66;0,00;70.058,00;2.561,98;0,00;0,00;5.180,74;206,77;118.808,70;118.808,70
2002-04-01;16,63;5.096,10;0,00;35.668,62;6.075,19;21.953,03;0,00;0,00;48.402,59;184,04;34.523,94;0,00;545,26;0,00;0,00;340,59;1.128,81;242,06;199,05;0,00;70.193,64;2.652,02;0,00;0,00;3.892,73;162,18;115.638,07;115.638,07
2002-05-01;26,81;8.854,41;0,00;35.297,24;6.165,27;25.108,03;0,00;0,00;49.940,57;819,56;34.125,19;0,00;444,75;0,00;0,00;340,59;1.140,27;239,47;201,87;0,00;70.483,58;2.494,54;0,00;0,00;3.737,52;153,12;119.786,02;119.786,02
2002-06-01;13,58;12.527,56;0,00;35.360,22;6.375,51;30.424,45;0,00;0,00;49.408,95;423,16;31.396,93;0,00;173,09;0,00;0,00;324,39;1.567,27;121,62;181,28;0,00;67.615,33;2.746,46;0,00;0,00;5.926,24;275,98;122.430,64;122.430,64
2002-07-01;0,51;8.461,52;0,00;35.226,18;6.445,10;22.811,45;0,00;0,00;50.973,27;470,52;31.009,62;0,00;183,18;0,00;0,00;324,39;1.594,19;124,81;178,58;0,00;67.905,72;2.653,96;0,00;0,00;3.459,07;170,38;115.995,68;115.995,68
2002-08-01;1,44;10.138,66;0,00;34.778,02;6.619,82;24.304,45;0,00;0,00;49.968,82;16,72;30.657,06;0,00;556,29;0,00;0,00;324,39;1.600,41;122,55;177,63;0,00;68.196,52;2.693,66;0,00;0,00;3.103,04;194,29;116.726,34;116.726,34
2002-09-01;0,69;10.365,44;0,00;34.967,79;6.893,43;27.106,21;0,00;0,00;52.866,98;310,05;30.704,00;0,00;475,45;0,00;0,00;322,96;1.220,97;157,78;181,72;0,00;70.549,19;2.653,73;0,00;0,00;5.497,13;216,87;122.244,42;122.244,42
2002-10-01;7,34;8.594,68;0,00;35.050,77;6.987,05;23.009,21;0,00;0,00;53.990,56;683,29;30.310,55;0,00;284,04;0,00;0,00;322,96;1.221,67;156,89;207,54;0,00;70.726,49;2.653,73;0,00;0,00;3.161,92;208,06;118.787,10;118.787,10
2002-11-01;5,54;6.932,67;0,00;35.701,33;6.955,91;21.803,21;0,00;0,00;54.414,20;433,04;29.943,93;0,00;194,90;0,00;0,00;322,96;1.289,52;157,97;208,46;0,00;70.995,77;2.618,58;0,00;0,00;2.945,72;175,66;117.548,65;117.548,65
2002-12-01;29,80;7.092,40;0,00;39.600,21;7.018,35;27.977,17;0,00;0,00;52.941,18;146,56;29.339,60;0,00;102,98;0,00;0,00;316,47;1.587,86;190,15;159,90;0,00;69.720,35;2.669,83;0,00;0,00;4.516,90;556,77;121.983,25;121.983,25
2003-01-01;2,26;3.707,20;0,00;35.974,00;7.018,54;19.387,17;0,00;0,00;54.014,10;490,47;28.960,99;0,00;71,13;0,00;0,00;316,46;1.733,49;2.698,48;195,66;0,00;67.586,73;2.632,96;0,00;0,00;3.299,13;185,45;114.137,11;114.137,11
2003-02-01;4,51;3.865,60;0,00;35.846,43;7.136,76;20.401,17;0,00;0,00;53.270,52;7,79;28.630,49;0,00;63,73;0,00;0,00;312,64;2.153,09;2.696,48;202,04;0,00;67.909,78;2.632,96;0,00;0,00;3.886,71;191,07;114.605,89;114.605,89
2003-03-01;4,87;4.872,84;0,00;35.991,83;7.138,24;23.815,35;0,00;0,00;53.577,68;486,33;27.075,58;0,00;47,74;0,00;0,00;305,80;1.373,06;2.671,67;193,17;0,00;66.576,23;2.615,74;0,00;0,00;4.940,14;221,86;115.954,07;115.954,07
2003-04-01;5,06;6.484,04;0,00;36.425,93;7.264,99;23.500,35;0,00;0,00;52.860,50;444,80;26.715,61;0,00;19,34;0,00;0,00;313,40;1.384,58;164,18;200,77;0,00;66.729,75;2.774,57;0,00;0,00;4.097,17;291,78;114.838,42;114.838,42
2003-05-01;8,33;10.614,27;0,00;36.496,65;7.357,81;28.854,35;0,00;0,00;52.869,11;173,16;26.367,05;0,00;225,87;0,00;0,00;313,40;1.402,76;158,66;210,35;0,00;66.863,94;2.745,21;0,00;0,00;5.291,26;335,61;120.143,91;120.143,91
2003-06-01;5,62;11.009,16;0,00;36.227,78;7.499,58;30.495,48;0,00;0,00;56.197,94;691,03;26.806,25;0,00;193,17;0,00;0,00;327,62;1.292,00;287,58;192,77;0,00;70.144,96;2.941,06;0,00;0,00;6.942,64;262,81;125.758,73;125.758,73
2003-07-01;8,91;9.379,69;0,00;36.018,58;7.629,21;27.200,48;0,00;0,00;59.286,92;2.770,20;26.390,67;0,00;103,39;0,00;0,00;352,27;1.323,11;291,88;196,29;0,00;70.467,40;2.734,32;0,00;0,00;5.632,38;272,87;125.029,29;125.029,29
2003-08-01;8,40;8.790,09;0,00;35.703,53;7.659,28;26.828,48;0,00;0,00;58.415,33;1.430,94;26.052,84;0,00;144,53;0,00;0,00;352,27;1.340,62;287,82;201,58;0,00;70.734,12;2.734,42;0,00;0,00;6.145,83;242,26;123.536,17;123.536,17
2003-09-01;11,98;7.227,09;0,00;35.948,36;7.605,75;26.405,36;0,00;0,00;56.167,11;634,45;27.847,58;0,00;107,11;0,00;0,00;349,07;1.495,23;92,95;201,99;0,00;71.416,65;2.785,16;0,00;0,00;7.015,95;236,92;122.774,36;122.774,36
2003-10-01;3,91;3.927,44;0,00;35.910,10;7.690,71;21.357,36;0,00;0,00;56.777,95;596,07;27.445,99;0,00;44,92;0,00;0,00;349,07;1.507,63;91,43;207,44;0,00;71.636,80;2.710,85;0,00;0,00;5.118,51;400,60;117.888,39;117.888,39
2003-11-01;3,77;4.424,70;0,00;36.337,28;7.725,04;23.100,36;0,00;0,00;58.224,82;1.498,74;27.171,91;0,00;54,56;0,00;0,00;343,83;1.515,27;94,94;205,61;0,00;71.921,93;2.696,78;0,00;0,00;6.064,99;288,15;120.836,34;120.836,34
2003-12-01;36,83;2.853,07;0,00;40.543,99;7.657,86;27.097,66;0,00;0,00;56.311,73;130,47;27.128,03;0,00;45,84;0,00;0,00;327,21;1.630,59;174,78;153,42;0,00;71.269,33;2.561,89;0,00;0,00;7.186,62;485,97;122.797,65;122.797,65
2004-01-01;5,91;1.097,37;0,00;36.993,37;7.674,57;21.654,66;0,00;0,00;58.661,65;2.602,59;26.729,39;0,00;35,46;0,00;0,00;327,21;1.667,13;2.975,08;194,42;0,00;68.769,97;2.561,89;0,00;0,00;6.440,06;245,01;119.317,87;119.317,87
2004-02-01;0,81;1.448,63;0,00;36.610,01;7.704,68;21.499,66;0,00;0,00;58.004,25;1.812,72;26.401,39;0,00;157,46;0,00;0,00;329,93;1.654,56;2.974,79;211,64;0,00;69.144,15;2.529,72;0,00;0,00;5.770,04;310,46;118.282,44;118.282,44
2004-03-01;4,14;1.772,91;0,00;36.805,29;7.836,04;23.498,38;0,00;0,00;60.401,52;2.142,22;27.092,39;0,00;71,38;0,00;0,00;330,73;1.221,77;3.113,71;203,13;0,00;71.689,00;2.478,64;0,00;0,00;6.930,41;278,31;122.934,99;122.934,99
2004-04-01;2,82;1.317,87;0,00;36.611,04;7.900,30;22.005,38;0,00;0,00;60.521,17;1.922,13;26.776,20;0,00;43,07;0,00;0,00;325,54;1.229,01;3.109,67;200,84;0,00;72.015,40;2.478,74;0,00;0,00;5.644,04;461,25;121.282,23;121.282,23
2004-05-01;-2,55;5.212,45;0,00;36.637,29;7.871,02;24.279,38;0,00;0,00;59.985,41;885,21;26.411,60;0,00;16,40;0,00;0,00;325,54;1.197,37;304,12;201,79;0,00;72.084,37;2.478,84;0,00;0,00;6.909,60;328,18;122.563,01;122.563,01
2004-06-01;2,43;6.949,72;0,00;36.748,71;7.591,05;25.802,76;0,00;0,00;57.274,60;0,78;23.877,84;0,00;2,25;0,00;0,00;320,00;1.275,18;144,22;222,89;0,00;67.792,07;2.428,76;0,00;0,00;6.416,93;299,57;118.574,89;118.574,89
2004-07-01;0,26;7.328,49;0,00;36.143,56;7.517,64;24.599,00;0,00;0,00;57.172,85;5,90;23.434,30;0,00;4,01;0,00;0,00;309,93;957,68;5,98;206,62;0,00;66.884,41;2.314,35;0,00;0,00;5.470,83;264,24;116.310,03;116.310,03
2004-08-01;0,32;7.819,96;0,00;35.986,27;7.445,20;24.462,00;0,00;0,00;58.154,87;389,02;23.085,57;0,00;13,05;0,00;0,00;315,67;946,18;1,80;215,99;0,00;67.167,01;2.335,41;0,00;0,00;4.875,71;302,51;116.758,27;116.758,27
2004-09-01;4,76;8.608,77;0,00;36.367,52;7.479,37;26.304,32;0,00;0,00;60.798,37;0,39;23.771,65;0,00;66,76;0,00;0,00;316,63;1.028,37;210,94;207,60;0,00;70.880,40;2.305,21;0,00;0,00;5.399,00;400,83;122.075,44;122.075,44
2004-10-01;-2,47;3.903,03;0,00;36.354,19;7.307,63;23.500,00;0,00;0,00;60.467,20;0,25;23.336,18;0,00;23,18;0,00;0,00;311,69;958,31;6,26;214,18;0,00;70.034,97;2.228,58;0,00;0,00;7.306,72;310,70;118.130,30;118.130,30
2004-11-01;-4,65;2.585,31;0,00;37.078,51;7.252,11;22.210,00;0,00;0,00;61.765,74;653,79;22.951,59;0,00;24,01;0,00;0,00;311,69;952,06;5,64;209,85;0,00;70.453,86;2.207,67;0,00;0,00;6.384,32;298,94;117.670,22;117.670,22
2004-12-01;11,82;2.154,79;0,00;39.719,26;7.393,59;24.502,73;0,00;0,00;60.708,03;0,54;21.639,22;0,00;80,10;0,00;0,00;291,28;1.246,92;160,85;165,01;0,00;68.837,23;2.035,11;0,00;0,00;6.541,68;329,42;117.908,79;117.908,79
2005-01-01;4,35;1.185,65;0,00;37.566,24;7.113,60;19.501,00;0,00;0,00;60.454,40;-6,96;21.230,81;0,00;100,96;0,00;0,00;284,78;950,47;13,29;209,78;0,00;67.880,39;2.028,69;0,00;0,00;4.474,87;345,81;111.669,06;111.669,06
2005-02-01;-3,58;1.074,42;0,00;37.165,97;6.535,96;19.502,00;0,00;0,00;61.716,34;-7,86;20.913,08;0,00;111,29;0,00;0,00;284,78;960,52;9,12;225,54;0,00;68.439,39;1.958,34;0,00;0,00;4.792,79;279,36;111.978,72;111.978,72
2005-03-01;10,56;1.296,20;0,00;37.713,86;5.867,98;22.214,04;0,00;0,00;63.786,22;0,51;21.268,83;0,00;4,13;0,00;0,00;290,76;1.093,56;304,09;216,40;0,00;71.199,02;2.023,80;0,00;0,00;5.604,33;225,45;116.559,87;116.559,87
2005-04-01;0,68;1.548,88;0,00;37.204,06;5.709,05;23.003,00;0,00;0,00;62.371,44;0,09;21.208,18;0,00;21,80;0,00;0,00;284,00;932,94;24.024,03;208,56;0,00;46.556,89;1.832,93;0,00;0,00;5.504,94;316,56;115.364,01;115.364,01
2005-05-01;2,48;5.530,16;0,00;37.120,11;5.682,47;23.002,01;0,00;0,00;56.529,87;-0,73;21.208,59;0,00;28,26;0,00;0,00;284,00;965,30;14.796,28;219,41;0,00;47.065,76;1.831,34;0,00;0,00;4.493,62;309,72;109.534,33;109.534,33
2005-06-01;0,95;6.391,07;0,00;37.628,70;5.786,63;25.603,42;0,00;0,00;48.793,62;0,33;23.320,52;0,00;9,93;0,00;0,00;296,30;1.027,51;4.572,07;238,95;0,00;51.913,77;1.899,28;0,00;0,00;5.625,63;367,65;106.738,16;106.738,16
2005-07-01;0,04;3.535,01;0,00;37.429,35;5.687,84;21.004,00;0,00;0,00;44.452,38;0,35;23.244,08;0,00;28,50;0,00;0,00;281,40;984,64;8,11;207,27;0,00;51.762,57;1.926,66;0,00;0,00;4.263,59;403,29;97.609,53;97.609,53
2005-08-01;2,24;2.392,89;0,00;37.170,18;5.674,47;20.402,00;0,00;0,00;44.983,08;-0,26;23.234,09;0,00;76,68;0,00;0,00;281,31;1.031,98;11,04;206,06;0,00;51.950,28;1.537,01;0,00;0,00;5.184,90;307,78;97.222,86;97.222,86
2005-09-01;2,23;3.242,70;0,00;37.194,78;5.763,29;22.004,79;0,00;0,00;45.583,76;0,40;25.483,19;0,00;4,75;0,00;0,00;280,34;1.023,87;159,00;246,43;0,00;54.705,01;1.542,93;0,00;0,00;5.784,66;356,18;101.689,15;101.689,15
2005-10-01;-0,87;2.236,36;0,00;37.345,06;5.679,62;19.500,00;0,00;0,00;45.047,81;0,62;25.411,11;0,00;9,19;0,00;0,00;278,22;963,22;10,00;210,90;0,00;54.077,84;1.519,89;0,00;0,00;4.263,98;263,41;98.408,18;98.408,18
2005-11-01;-2,37;3.680,61;0,00;38.110,64;5.680,62;22.703,00;0,00;0,00;45.428,66;0,25;25.407,33;0,00;25,12;0,00;0,00;273,13;957,95;8,05;265,10;0,00;54.393,54;1.444,82;0,00;0,00;5.047,95;412,13;101.918,26;101.918,26
2005-12-01;5,31;3.126,29;0,00;41.366,54;5.729,06;26.198,59;0,00;0,00;46.585,46;230,84;28.050,20;0,00;78,95;0,00;0,00;270,21;990,63;90,74;189,90;0,00;57.647,34;1.079,80;0,00;0,00;5.852,69;483,87;108.988,21;108.988,21
2006-01-01;-0,84;1.315,57;0,00;38.807,35;5.619,53;21.001,00;0,00;0,00;46.068,02;0,07;27.991,17;0,00;56,50;0,00;0,00;181,72;885,15;12,81;210,64;0,00;57.196,11;733,75;0,00;0,00;4.599,60;393,85;102.536,01;102.536,01
2006-02-01;-1,93;1.274,14;0,00;38.441,09;5.506,53;23.509,00;0,00;0,00;45.665,96;0,04;28.006,98;0,00;35,18;0,00;0,00;181,72;894,45;8,13;217,57;0,00;57.445,32;733,85;0,00;0,00;6.709,69;435,77;104.531,75;104.531,75
2006-03-01;0,34;2.473,16;0,00;38.715,52;5.336,54;24.585,22;0,00;0,00;45.552,75;0,28;31.561,43;0,00;10,56;0,00;0,00;192,79;933,19;98,50;203,23;0,00;61.214,73;725,63;0,00;0,00;5.851,42;341,62;108.898,45;108.898,45
2006-04-01;-1,59;1.215,52;0,00;38.568,04;5.338,14;22.732,00;0,00;0,00;44.755,51;5,88;31.513,94;0,00;26,86;0,00;0,00;191,11;865,28;2.518,71;212,06;0,00;58.314,11;720,93;0,00;0,00;4.907,30;400,55;106.142,17;106.142,17
2006-05-01;-0,70;1.100,98;0,00;38.374,40;5.369,14;20.304,00;0,00;0,00;44.539,26;5,42;31.466,59;0,00;62,11;0,00;0,00;204,33;865,97;17,11;224,37;0,00;58.122,04;739,25;0,00;0,00;5.180,22;525,41;103.549,95;103.549,95
2006-06-01;0,26;1.477,67;0,00;38.293,14;5.303,99;21.503,51;0,00;0,00;43.785,35;6,88;31.279,07;0,00;37,45;0,00;0,00;196,74;927,34;96,54;208,17;0,00;57.103,33;720,18;0,00;0,00;6.209,78;358,38;103.753,90;103.753,90
2006-07-01;-2,37;1.055,80;0,00;38.315,00;5.207,57;20.081,00;0,00;0,00;43.614,47;74,70;31.238,87;0,00;3,72;0,00;0,00;192,74;867,53;13,42;228,05;0,00;56.742,99;717,80;0,00;0,00;5.097,87;393,51;101.921,33;101.921,33
2006-08-01;1,33;1.789,38;0,00;37.886,87;5.115,13;20.102,00;0,00;0,00;43.671,09;2,74;31.240,86;0,00;164,20;0,00;0,00;192,74;869,19;17,53;223,21;0,00;57.048,07;717,90;0,00;0,00;4.737,91;368,75;102.074,46;102.074,46
2006-09-01;0,96;1.253,01;0,00;38.134,34;5.199,17;21.004,61;0,00;0,00;45.400,01;1,86;31.227,88;0,00;177,05;0,00;0,00;196,70;877,03;97,11;210,69;0,00;58.931,35;728,19;0,00;0,00;5.748,68;434,55;104.811,58;104.811,58
2006-10-01;-2,17;1.059,12;0,00;38.214,28;5.067,58;19.500,00;0,00;0,00;45.309,20;2,24;31.190,39;0,00;46,40;0,00;0,00;194,77;843,51;12,10;229,09;0,00;58.591,69;658,59;0,00;0,00;4.387,47;312,29;102.808,28;102.808,28
2006-11-01;0,32;1.099,68;0,00;38.818,94;4.964,07;22.201,00;0,00;0,00;45.557,72;2,10;31.210,84;0,00;52,17;0,00;0,00;242,46;828,22;11,96;206,11;0,00;58.834,49;556,59;0,00;0,00;6.269,81;370,30;105.613,39;105.613,39
2006-12-01;5,10;1.056,17;0,00;43.182,24;4.907,61;27.126,86;0,00;0,00;45.591,92;1,81;32.220,54;0,00;330,75;0,00;0,00;236,63;836,76;81,87;163,15;0,00;60.190,55;557,32;0,00;0,00;6.715,95;421,74;111.813,50;111.813,50
2007-01-01;-3,82;1.216,31;0,00;39.538,28;4.838,97;21.503,00;0,00;0,00;45.284,99;1,12;32.170,99;0,00;329,29;0,00;0,00;236,00;841,54;12,58;207,01;0,00;59.827,18;565,47;0,00;0,00;4.538,35;425,59;105.766,43;105.766,43
2007-02-01;-6,74;1.048,96;0,00;39.246,35;4.793,01;22.700,00;0,00;0,00;44.976,48;1,15;32.206,36;0,00;348,89;0,00;0,00;236,00;834,52;10,51;217,95;0,00;60.065,41;557,40;0,00;0,00;5.582,68;472,91;106.645,92;106.645,92
2007-03-01;5,23;1.086,00;0,00;39.381,47;4.709,27;23.709,95;0,00;0,00;45.398,11;1,13;33.557,68;0,00;351,25;0,00;0,00;238,78;837,43;45,09;218,83;0,00;62.352,88;557,78;0,00;0,00;5.815,26;464,81;109.365,47;109.365,47
2007-04-01;-1,21;1.050,74;0,00;39.440,16;4.546,68;22.501,00;0,00;0,00;44.733,35;1,27;33.515,87;0,00;322,59;0,00;0,00;240,83;789,02;22,52;225,26;0,00;59.569,57;486,39;0,00;0,00;6.244,95;580,06;107.134,53;107.134,53
2007-05-01;-1,58;1.094,11;0,00;39.264,35;4.523,69;20.705,00;0,00;0,00;44.908,54;1,79;33.527,10;0,00;468,39;0,00;0,00;239,57;788,12;13,18;210,53;0,00;59.933,19;491,00;0,00;0,00;4.692,47;440,21;105.649,83;105.649,83
2007-06-01;0,96;1.181,08;0,00;39.306,62;4.427,17;24.006,34;0,00;0,00;46.274,07;485,48;32.730,97;0,00;450,33;0,00;0,00;241,83;846,57;79,90;220,22;0,00;59.921,27;462,54;0,00;0,00;7.906,55;339,64;109.440,77;109.440,77
2007-07-01;2,22;1.069,65;0,00;39.022,29;4.342,06;21.000,00;0,00;0,00;47.095,41;981,71;31.814,06;0,00;446,34;0,00;0,00;241,84;816,29;11,91;213,65;0,00;59.300,30;440,30;0,00;0,00;5.237,56;361,43;106.198,51;106.198,51
2007-08-01;-0,59;1.070,96;0,00;38.535,13;4.314,34;21.761,00;0,00;0,00;48.124,91;1.087,14;30.942,76;0,00;447,92;0,00;0,00;241,84;816,31;11,54;212,76;0,00;59.369,41;428,82;0,00;0,00;6.312,87;477,50;107.077,31;107.077,31
2007-09-01;0,62;1.545,69;0,00;38.787,77;4.351,36;22.710,41;0,00;0,00;49.487,11;846,50;32.930,16;0,00;439,73;0,00;0,00;243,74;851,73;58,30;210,88;0,00;63.086,71;424,55;0,00;0,00;6.319,97;583,58;111.439,40;111.439,40
2007-10-01;2,98;1.343,88;0,00;39.083,00;4.264,36;21.700,00;0,00;0,00;49.623,10;951,54;32.588,80;0,00;406,01;0,00;0,00;217,32;805,33;11,01;214,42;0,00;62.665,46;424,91;0,00;0,00;5.317,35;446,15;110.032,81;110.032,81
2007-11-01;-5,63;1.079,82;0,00;39.638,97;4.187,84;22.206,00;0,00;0,00;49.201,90;296,65;32.289,50;0,00;400,07;0,00;0,00;282,75;802,93;10,59;213,45;0,00;62.653,50;404,58;0,00;0,00;5.475,50;401,46;109.769,94;109.769,94
2007-12-01;11,05;1.077,01;0,00;44.258,60;4.130,66;31.025,36;4.517,40;0,00;50.586,26;1.127,57;34.775,54;0,00;281,71;615,00;0,00;273,13;919,81;72,50;169,15;4.608,00;65.682,10;405,96;0,00;0,00;8.672,91;644,06;126.926,89;126.926,89
2008-01-01;5,06;1.038,32;0,00;40.665,26;4.008,15;22.503,00;4.494,40;0,00;49.729,01;1.030,02;34.440,16;0,00;274,54;0,00;0,00;271,95;847,13;30,14;214,00;4.364,80;64.659,41;393,84;0,00;0,00;4.556,32;408,98;116.967,24;116.967,24
2008-02-01;2,69;1.072,39;0,00;40.406,02;3.916,40;24.704,00;0,00;0,00;49.810,14;849,49;34.218,63;0,00;263,95;500,00;0,00;271,95;847,21;9,59;214,16;0,00;64.978,40;387,06;0,00;0,00;5.987,63;404,36;114.422,04;114.422,04
2008-03-01;0,70;5.141,17;0,00;40.997,84;3.926,33;35.008,19;5.968,75;0,00;47.295,68;1.041,56;33.265,22;0,00;244,95;1.819,00;0,00;251,28;954,35;58,47;212,76;6.057,00;61.707,05;372,27;0,00;0,00;9.674,38;578,50;127.287,72;127.287,72
2008-04-01;-0,67;7.649,75;0,00;41.181,78;3.831,20;31.202,00;5.923,80;0,00;46.843,32;579,76;32.854,21;0,00;276,52;0,00;0,00;249,38;548,92;44,63;193,97;6.054,00;58.608,21;370,94;0,00;0,00;7.364,48;423,02;122.099,62;122.099,62
2008-05-01;0,51;12.721,37;0,00;40.758,36;3.836,71;33.503,00;12.383,40;0,00;47.494,51;868,34;32.513,43;0,00;321,30;0,00;0,00;253,81;832,99;19,89;213,65;12.534,00;59.056,49;433,98;0,00;0,00;4.908,16;493,38;131.573,65;131.573,65
2008-06-01;4,84;14.006,60;0,00;40.789,58;3.774,34;38.231,43;12.233,26;0,00;47.778,62;863,51;32.848,22;0,00;239,30;0,00;0,00;292,15;1.099,15;35,57;215,80;12.468,00;59.821,66;425,67;0,00;0,00;8.280,96;445,31;136.926,99;136.926,99
2008-07-01;-1,73;12.791,39;0,00;40.919,06;3.714,30;34.212,00;13.097,28;0,00;46.725,30;1.144,64;32.408,64;0,00;433,27;0,00;0,00;291,02;845,69;8,47;216,33;12.255,00;59.082,86;424,83;0,00;0,00;5.411,12;321,75;132.150,61;132.150,61
2008-08-01;3,43;12.705,40;0,00;40.236,88;3.679,47;33.306,00;12.195,80;0,00;47.866,58;4,47;32.013,13;0,00;448,47;0,00;0,00;291,02;848,07;9,37;210,35;13.165,00;59.206,58;424,93;0,00;0,00;5.221,34;317,50;131.076,89;131.076,89
2008-09-01;2,71;15.091,96;0,00;41.065,39;3.751,91;43.211,35;32.087,23;0,00;49.664,88;713,32;32.862,66;0,00;438,22;2.572,00;0,00;302,51;863,18;455,94;237,61;31.684,10;62.283,53;459,25;0,00;0,00;8.917,21;622,85;163.643,90;163.643,90
2008-10-01;-5,26;13.276,56;38.788,86;44.442,76;3.655,61;33.247,00;31.761,61;0,00;49.246,76;1.228,68;32.812,01;0,00;322,87;7.850,00;0,00;299,57;818,41;16,19;222,22;32.558,43;61.712,34;458,38;18.684,68;0,00;10.061,56;1.352,43;191.405,82;191.405,82
2008-11-01;-1,40;14.017,05;46.346,72;44.678,39;3.584,82;40.826,00;22.668,71;0,00;47.939,36;258,90;32.812,00;0,00;308,54;0,00;0,00;298,39;806,57;20,10;1.280,86;24.545,55;60.394,92;767,34;24.201,31;0,00;24.957,83;2.002,12;196.357,04;196.357,04
2008-12-01;11,13;8.803,67;50.421,40;49.160,83;3.596,73;50.320,58;11.670,92;0,00;47.428,76;420,13;30.861,60;0,00;244,54;0,00;15.248,04;326,27;3.467,91;1.279,75;1.383,82;29.414,52;58.449,11;724,74;24.424,86;0,00;37.186,19;3.799,75;214.322,63;214.322,63
2009-01-01;-10,75;5.456,78;50.995,27;45.334,20;3.529,95;38.044,00;6.220,64;0,00;46.451,53;-19,10;30.829,81;0,00;247,04;0,00;15.248,24;317,59;821,65;26,16;1.749,36;23.098,01;56.636,98;786,99;25.294,81;0,00;32.778,66;3.126,10;193.481,97;193.481,97
2009-02-01;2,35;1.939,21;61.824,15;45.599,54;3.531,45;39.390,00;2.344,99;0,00;46.470,09;-0,25;30.835,44;0,00;290,76;0,00;14.653,79;313,88;830,90;30,53;2.876,80;14.083,70;57.502,58;786,99;29.009,57;0,00;46.098,28;4.134,81;201.274,77;201.274,77
2009-03-01;2,28;2.883,03;62.226,35;45.830,96;4.684,41;56.788,04;1.151,45;0,00;55.846,19;1,05;34.898,83;0,00;298,79;0,00;20.389,21;327,09;1.214,15;421,11;2.701,71;8.605,44;63.878,65;794,23;34.292,83;0,00;76.557,96;3.448,27;238.621,01;238.621,01
2009-04-01;6,01;6.267,93;53.689,13;46.141,10;5.364,84;64.931,00;1.151,25;0,00;55.764,50;1.152,20;34.863,59;0,00;139,85;0,00;27.526,32;325,90;807,00;60,31;2.352,61;13.354,61;61.071,32;793,75;37.173,55;0,00;71.315,34;6.474,15;245.363,12;245.363,12
2009-05-01;3,02;11.140,40;60.872,09;45.467,87;5.839,75;47.347,00;1.151,25;0,00;57.284,68;1.441,43;34.863,46;0,00;122,57;0,00;26.502,87;336,60;801,48;53,43;1.507,67;9.683,05;61.743,52;1.110,25;34.312,56;0,00;65.019,92;5.865,18;236.235,03;236.235,03
2009-06-01;1,12;9.853,99;48.492,11;45.460,77;6.239,35;43.788,76;20,59;0,00;81.706,32;4.234,67;33.882,10;0,00;261,23;0,00;25.542,44;343,44;806,10;1.448,40;5.328,60;401,32;61.579,52;1.092,95;29.007,24;0,00;77.836,98;7.025,00;242.176,49;242.176,49
2009-07-01;1,14;9.303,36;32.014,95;45.192,75;6.287,42;35.501,00;20,47;0,00;81.485,16;3.270,70;33.849,92;0,00;261,11;0,00;24.838,62;332,39;816,40;9,08;3.414,24;20,48;62.444,87;1.092,36;24.423,01;0,00;64.252,50;4.169,98;216.500,95;216.500,95
2009-08-01;-0,88;16.339,78;29.424,61;44.664,69;6.289,30;38.058,00;10,86;0,00;81.705,71;2.335,54;33.816,32;4.268,76;4.538,71;0,00;23.907,70;340,91;821,16;7,37;2.390,05;10,88;62.775,94;1.092,44;25.279,05;0,00;58.456,65;3.476,12;220.004,83;220.004,83
2009-09-01;0,50;15.590,10;12.332,87;45.141,53;6.677,83;39.480,61;0,00;0,00;82.105,19;1.567,02;34.669,81;5.360,55;5.623,17;0,00;22.368,64;339,04;888,37;223,79;2.720,85;0,00;63.400,51;1.241,94;26.128,56;0,00;42.062,52;3.532,55;205.727,99;205.727,99
2009-10-01;-3,76;10.578,98;13.646,46;45.324,19;6.516,66;33.800,00;0,00;0,00;90.061,35;1.457,82;34.640,05;5.360,55;5.616,34;0,00;21.913,97;338,33;790,25;14,06;2.072,05;0,00;62.670,74;1.241,55;36.481,34;0,00;41.726,79;2.874,69;208.561,21;208.561,21
2009-11-01;-3,51;7.171,33;10.873,61;45.919,94;6.464,11;35.816,00;0,00;0,00;95.202,84;1.457,01;34.554,42;5.360,55;5.616,34;0,00;21.540,75;337,23;790,11;20,89;3.102,33;0,00;62.950,10;1.241,55;34.787,68;0,00;48.136,71;3.526,91;212.433,46;212.433,46
2009-12-01;9,84;6.182,71;2.671,63;49.966,19;6.542,72;36.207,85;0,00;0,00;94.680,21;1.450,11;38.185,63;5.311,84;5.555,95;0,00;20.994,06;348,86;836,31;58,50;3.286,00;0,00;65.901,87;1.230,76;27.473,09;0,00;44.992,95;2.640,56;207.263,83;207.263,83
2010-01-01;-1,71;3.210,12;848,21;46.968,55;6.440,34;27.816,00;0,00;0,00;93.894,82;1.450,65;38.118,60;5.311,84;5.541,20;0,00;20.290,98;345,08;788,69;16,37;3.499,23;0,00;64.819,85;1.230,37;29.863,57;0,00;38.609,44;1.562,96;195.312,59;195.312,59
2010-02-01;-1,13;1.886,49;0,00;46.564,28;6.438,15;15.308,00;0,00;0,00;108.929,84;1.465,08;38.058,55;5.311,84;5.541,79;0,00;18.925,24;361,39;773,03;14,58;2.078,87;0,00;64.657,70;1.230,37;28.323,29;0,00;43.267,81;1.995,28;195.565,23;195.565,23
2010-03-01;0,60;7.087,52;0,00;47.909,12;6.593,99;11.194,65;0,00;0,00;125.088,59;1.481,12;39.450,11;5.292,56;5.520,08;0,00;18.696,80;360,31;788,39;80,28;3.346,42;0,00;66.484,56;1.210,57;26.465,08;0,00;48.632,40;2.125,02;208.904,09;208.904,09
2010-04-01;3,58;6.876,74;0,00;47.033,82;6.455,17;2.362,00;0,00;0,00;153.581,60;1.483,43;39.338,99;5.292,56;5.513,30;0,00;17.740,32;363,49;766,90;2.511,73;2.803,74;0,00;62.339,99;1.175,83;35.106,62;0,00;57.865,47;5.987,07;227.301,17;227.301,17
2010-05-01;-1,12;16.093,07;0,00;47.729,05;6.020,23;0,00;0,00;0,00;238.786,45;6.311,99;39.085,13;5.292,56;5.513,92;0,00;16.853,66;362,37;778,96;12,23;11.882,61;0,00;60.679,73;1.175,83;55.010,06;0,00;101.111,38;4.452,74;308.575,42;308.575,42
2010-06-01;0,00;18.369,18;0,00;47.509,34;5.635,97;0,00;0,00;0,00;226.657,74;3.282,91;45.018,01;5.257,54;5.408,20;0,00;16.893,06;355,24;835,36;271,27;10.871,39;0,00;59.327,13;1.139,38;73.286,17;0,00;77.838,98;5.929,05;301.942,95;301.942,95
2010-07-01;0,00;14.700,51;0,00;47.171,03;3.806,92;0,00;0,00;0,00;221.375,36;1.940,53;45.002,46;5.257,54;5.401,68;19.648,00;16.516,65;351,79;767,55;12,09;9.020,80;0,00;57.879,12;1.139,09;79.604,56;0,00;53.705,15;5.422,18;294.361,51;294.361,51
2010-08-01;0,00;6.825,89;0,00;46.974,92;3.447,97;811,00;0,00;0,00;219.300,41;1.368,88;45.001,98;5.257,54;5.405,36;22.060,00;16.148,32;351,79;772,43;13,37;2.442,40;0,00;58.231,95;1.139,09;116.815,70;0,00;28.269,54;4.118,16;292.378,35;292.378,35
2010-09-01;0,00;7.215,40;0,00;47.118,10;3.523,82;0,00;0,00;0,00;216.822,52;1.422,84;42.723,70;4.978,65;5.114,19;18.635,21;14.348,09;335,42;852,60;156,72;6.169,25;0,00;53.713,16;1.121,91;105.024,71;0,00;35.277,25;5.130,98;284.842,25;284.842,25
2010-10-01;0,00;6.880,35;0,00;47.167,40;3.481,93;0,00;0,00;0,00;213.725,46;1.791,96;42.717,71;4.978,65;5.114,12;20.002,00;13.985,26;334,97;762,99;10,96;5.194,08;0,00;52.117,88;1.121,58;108.943,34;0,00;29.066,44;5.090,97;281.244,03;281.244,03
2010-11-01;0,00;4.099,64;0,00;48.051,14;3.479,15;0,00;0,00;0,00;213.774,52;1.374,65;42.671,39;4.978,65;5.114,98;25.810,00;13.086,09;333,93;764,73;14,31;3.108,90;0,00;52.359,43;1.121,58;113.706,92;0,00;24.402,13;2.440,61;280.346,37;280.346,37
2010-12-01;0,00;5.347,20;0,00;51.498,00;3.497,37;0,00;0,00;0,00;203.809,64;1.068,71;43.987,90;4.736,55;4.670,34;13.182,10;11.786,08;300,35;835,51;91,98;1.839,21;0,00;42.591,32;1.067,67;107.869,65;0,00;37.950,72;3.779,42;269.954,86;269.954,86
2011-01-01;0,00;3.971,38;0,00;49.128,48;3.413,11;0,00;0,00;0,00;209.902,76;1.970,40;41.742,08;4.843,48;4.775,75;27.000,00;11.490,88;306,23;768,11;13,09;4.714,10;0,00;45.351,68;1.268,00;111.746,12;0,00;22.322,79;2.605,42;273.666,93;273.666,93
2011-02-01;0,00;2.555,50;0,00;48.575,11;3.460,67;0,00;0,00;0,00;208.326,09;322,23;43.836,86;4.801,39;4.735,08;27.000,00;10.729,84;303,57;768,39;13,08;2.555,28;0,00;46.719,89;1.256,98;115.551,81;0,00;24.160,76;1.162,43;273.417,48;273.417,48
2011-03-01;0,00;6.962,00;0,00;49.002,80;3.455,01;0,00;0,00;0,00;211.918,05;5.836,21;43.999,35;4.751,58;4.699,85;21.002,12;9.889,34;300,89;815,47;76,49;1.408,71;0,00;44.115,01;1.313,58;117.017,47;0,00;23.076,39;3.142,76;276.391,55;276.391,55
2011-04-01;0,00;6.535,31;0,00;48.995,06;3.425,11;0,05;0,00;0,00;208.396,22;6.296,36;44.500,38;4.650,80;4.591,86;26.001,00;9.147,74;294,05;743,10;2.510,60;1.610,46;0,00;37.313,31;1.306,53;112.313,71;0,00;24.041,75;2.136,68;272.405,04;272.405,04
2011-05-01;0,00;14.697,63;0,00;48.949,92;3.401,20;0,15;0,00;0,00;203.385,30;7.524,85;43.871,47;4.487,22;4.428,70;20.000,00;8.503,98;287,00;770,65;19,95;2.528,97;0,00;30.485,97;2.021,90;111.155,53;0,00;24.259,82;2.560,50;266.670,34;266.670,34
2011-06-01;0,00;10.545,92;0,00;48.939,68;3.524,92;0,00;0,00;0,00;196.848,80;851,31;42.437,70;4.382,23;4.312,37;24.915,11;7.954,41;281,48;807,72;45,78;1.837,23;0,00;28.589,57;1.970,60;106.504,94;0,00;29.576,36;1.949,84;258.137,98;258.137,98
2011-07-01;0,00;6.151,93;0,00;48.680,55;3.484,80;0,00;0,00;0,00;188.734,84;4.916,75;42.838,53;4.211,84;4.129,25;26.004,00;7.123,40;269,65;780,98;23,01;2.222,51;0,00;16.144,50;2.231,94;109.972,71;0,00;29.381,94;1.883,63;249.593,38;249.593,38
2011-08-01;0,00;8.769,68;0,00;48.747,86;3.488,04;17.550,00;0,00;0,00;280.981,99;3.405,34;48.875,21;4.283,59;4.201,76;0,00;7.147,19;274,24;784,20;15,05;31.478,04;0,00;30.273,18;2.270,06;43.806,35;0,00;191.763,55;3.030,07;365.572,69;365.572,69
2011-09-01;0,00;8.599,87;0,00;49.485,68;3.629,39;6.999,83;0,00;0,00;305.281,48;2.515,53;48.980,81;4.658,95;4.569,89;0,00;7.916,49;298,14;902,94;6.167,61;25.363,34;0,00;45.342,51;2.880,15;34.392,55;0,00;202.117,85;2.815,23;381.459,12;381.459,12
2011-10-01;0,00;5.460,56;0,00;50.523,01;3.616,88;25.000,00;0,00;0,00;261.815,38;188,45;50.164,22;4.539,23;4.452,52;0,00;7.576,75;289,87;756,34;2,21;37.570,65;0,00;47.293,90;2.781,65;26.870,23;0,00;181.381,81;2.623,55;356.453,60;356.453,60
2011-11-01;0,00;6.162,06;0,00;51.848,12;3.609,15;33.000,00;0,00;0,00;261.949,75;3.130,42;53.123,08;4.691,67;4.569,71;0,00;7.584,84;298,46;748,85;10,31;42.060,48;0,00;53.432,76;2.875,26;19.962,37;0,00;184.684,50;1.776,41;367.759,10;367.759,10
2011-12-01;0,00;5.647,54;0,00;55.728,88;3.675,11;18.467,96;370,50;0,00;257.504,17;551,64;49.379,94;4.734,61;4.621,22;0,00;7.644,91;301,37;979,63;155,15;28.447,95;366,36;53.122,53;3.134,53;14.719,46;0,00;180.720,74;1.884,47;346.079,33;346.079,33
2012-01-01;0,00;4.433,72;0,00;53.586,73;3.564,36;25.000,00;435,67;0,00;247.484,03;5,69;53.493,99;4.671,81;4.541,38;0,00;7.322,87;296,13;764,84;33,07;42.744,44;443,17;54.708,75;3.068,55;10.580,81;0,00;172.223,73;2.539,89;345.971,81;345.971,81
2012-02-01;0,00;7.254,19;0,00;53.546,71;3.592,80;25.000,00;425,41;0,00;241.236,64;2.131,92;53.442,69;4.582,54;4.455,62;0,00;6.926,31;290,48;762,40;14,57;48.603,14;443,17;51.792,87;3.008,84;7.277,28;0,00;160.612,31;2.882,50;339.141,18;339.141,18
2012-03-01;0,00;12.543,42;0,00;53.791,31;3.677,19;25.059,69;0,00;0,00;245.498,53;692,95;50.140,35;4.586,81;4.459,75;0,00;6.829,05;290,57;818,16;70,02;50.496,37;0,00;51.286,39;3.099,23;6.183,59;0,00;157.347,44;2.874,21;339.872,52;339.872,52
2012-04-01;0,00;16.319,97;0,00;53.906,45;3.595,41;19.000,00;0,00;0,00;247.218,37;847,27;50.273,72;4.628,31;4.471,93;0,00;6.666,25;288,91;768,89;28,21;49.793,79;0,00;52.220,03;3.487,69;2.869,33;0,00;151.897,21;3.260,59;335.771,16;335.771,16
2012-05-01;0,00;19.546,24;0,00;54.217,77;3.621,98;2.000,00;0,00;0,00;306.147,80;239,08;50.760,95;4.801,13;4.639,93;0,00;6.733,72;298,53;779,15;13,21;43.986,62;0,00;60.013,89;3.490,36;1.532,98;0,00;188.361,25;5.760,26;378.472,42;378.472,42
2012-06-01;0,00;13.121,96;0,00;54.733,59;3.713,38;0,00;0,00;0,00;365.055,75;5,33;50.637,90;4.745,39;4.585,98;0,00;6.409,42;295,10;894,16;148,15;53.723,13;0,00;58.503,42;3.193,04;514,99;0,00;242.629,40;6.659,33;434.784,72;434.784,72
2012-07-01;0,00;9.762,25;0,00;55.116,08;3.678,95;0,00;0,00;0,00;409.188,55;589,93;53.105,19;4.853,08;4.675,94;0,00;6.102,45;300,59;1.690,25;14,73;60.212,12;0,00;67.393,90;3.131,77;0,00;0,00;276.109,22;7.822,38;481.873,69;481.873,69
2012-08-01;0,00;9.160,92;0,00;55.257,13;3.706,98;0,00;0,00;0,00;421.573,45;756,86;52.858,29;4.787,42;4.613,56;0,00;5.699,15;296,52;794,56;9,77;64.498,85;0,00;62.369,02;3.001,82;0,00;0,00;286.970,64;8.733,72;492.544,32;492.544,32
2012-09-01;0,00;9.781,04;0,00;55.684,38;3.787,27;0,00;0,00;0,00;429.917,71;442,54;55.595,35;4.757,79;4.584,99;0,00;5.432,88;294,34;1.005,45;132,49;64.070,57;0,00;68.705,56;2.983,62;0,00;0,00;290.229,54;9.797,70;503.601,61;503.601,61
2012-10-01;0,00;9.994,46;0,00;56.351,99;3.744,61;0,00;0,00;0,00;426.769,45;1,95;53.474,60;4.736,75;4.563,96;0,00;5.044,79;288,46;913,72;19,04;63.162,68;0,00;63.321,69;2.891,39;0,00;0,00;290.496,57;9.605,85;497.690,99;497.690,99
2012-11-01;0,00;8.746,74;0,00;57.587,42;3.727,11;0,00;0,00;0,00;428.253,10;877,66;53.484,86;4.683,81;4.513,46;0,00;4.672,99;284,10;899,67;45,73;64.525,04;0,00;61.809,03;3.014,59;0,00;0,00;289.294,78;11.279,66;498.849,87;498.849,87
2012-12-01;0,00;9.008,09;0,00;61.801,38;3.757,11;0,00;0,00;0,00;432.208,90;5.018,67;50.771,51;4.613,44;4.249,16;0,00;4.377,99;279,07;985,82;193,23;66.951,09;0,00;58.075,36;2.804,17;0,00;0,00;281.814,06;11.958,43;499.433,74;499.433,74
2013-01-01;0,00;12.306,38;0,00;58.917,35;3.720,67;0,00;0,00;0,00;435.882,73;7.015,16;50.796,92;4.621,01;4.248,56;0,00;4.026,64;278,72;898,25;38,90;70.395,83;0,00;61.113,27;2.837,90;0,00;0,00;278.544,83;9.737,67;502.690,39;502.690,39
2013-02-01;0,00;4.687,69;0,00;58.678,05;3.756,41;0,00;0,00;0,00;439.066,21;9.077,57;49.510,38;4.642,05;4.303,59;0,00;3.530,75;279,99;910,82;9,16;72.899,80;0,00;60.089,36;2.871,33;0,00;0,00;282.837,07;11.308,72;504.229,48;504.229,48
2013-03-01;0,00;8.353,94;0,00;59.119,64;3.742,94;0,00;0,00;0,00;445.585,25;7.256,26;50.716,84;4.677,23;4.343,15;0,00;3.284,71;281,26;1.025,00;119,38;70.998,54;0,00;69.115,34;2.741,42;0,00;0,00;282.240,43;9.839,80;511.720,56;511.720,56
2013-04-01;0,00;9.088,01;0,00;59.306,96;3.731,27;0,00;0,00;0,00;444.254,58;8.104,74;45.744,68;4.621,67;4.333,76;0,00;2.910,78;273,68;956,07;30,64;72.326,03;0,00;60.336,44;2.673,08;0,00;0,00;279.716,10;11.347,31;504.877,90;504.877,90
2013-05-01;0,00;14.433,97;0,00;59.624,66;3.708,96;0,00;0,00;0,00;448.348,56;4.177,26;44.805,04;4.720,63;4.429,27;0,00;2.134,04;273,01;961,21;18,08;70.485,59;0,00;67.056,72;2.483,70;0,00;0,00;276.625,81;10.001,06;507.143,78;507.143,78
2013-06-01;0,00;15.352,16;0,00;59.863,26;3.658,08;0,00;0,00;0,00;438.177,45;3.418,95;37.617,61;4.666,05;4.378,02;0,00;1.153,34;269,15;1.050,98;140,78;26.729,41;0,00;49.507,78;2.562,97;0,00;0,00;321.115,99;8.073,20;488.867,60;488.867,60
2013-07-01;0,00;11.015,04;0,00;60.052,76;3.667,86;0,00;0,00;0,00;444.348,94;10.035,38;41.016,32;4.643,69;4.391,14;0,00;612,79;266,98;956,16;303,02;28.729,56;0,00;52.104,18;2.515,60;0,00;0,00;320.437,69;10.454,46;497.775,79;497.775,79
2013-08-01;0,00;10.925,88;0,00;59.689,24;3.641,59;0,00;0,00;0,00;443.418,70;9.255,49;43.439,09;4.639,09;4.387,14;0,00;0,00;266,72;956,36;67,74;28.326,09;0,00;54.197,81;2.375,99;0,00;0,00;318.533,94;12.850,32;498.485,60;498.485,60
2013-09-01;0,00;11.782,99;0,00;59.810,43;3.713,52;0,00;0,00;0,00;443.070,61;10.096,20;40.108,04;4.561,49;4.313,73;0,00;0,00;261,39;1.036,08;101,41;28.289,54;0,00;50.185,38;2.402,32;0,00;0,00;317.757,58;12.320,67;494.905,70;494.905,70
2013-10-01;0,00;11.333,03;0,00;60.160,39;3.667,31;0,00;0,00;0,00;446.798,25;12.076,23;40.164,35;4.581,88;4.361,49;0,00;0,00;258,39;965,41;28,73;28.798,09;0,00;51.877,14;2.245,33;0,00;0,00;317.967,49;11.637,56;498.460,53;498.460,53
2013-11-01;0,00;9.483,38;0,00;61.157,83;3.638,12;0,00;0,00;0,00;446.420,25;14.126,06;37.844,19;4.563,14;4.344,01;0,00;0,00;250,56;956,73;34,12;27.659,58;0,00;47.868,73;2.317,62;0,00;0,00;317.949,67;12.928,96;495.771,48;495.771,48
2013-12-01;0,00;10.481,82;0,00;65.766,36;3.689,88;0,00;0,00;0,00;443.274,52;8.073,96;35.564,96;4.510,53;4.293,89;0,00;0,00;244,23;1.019,09;97,91;24.773,72;0,00;48.022,77;2.295,38;0,00;0,00;317.131,68;11.523,22;490.381,97;490.381,97
2014-01-01;0,00;5.440,76;0,00;62.532,76;3.615,79;0,00;0,00;0,00;447.978,38;10.167,62;37.943,17;4.569,39;4.353,09;0,00;0,00;247,07;943,08;17,03;31.074,33;0,00;53.298,30;2.272,44;0,00;0,00;315.678,66;14.574,16;497.353,02;497.353,02
2014-02-01;0,00;3.686,94;0,00;62.294,27;3.628,12;0,00;0,00;0,00;442.151,14;9.368,51;39.189,62;4.484,55;4.272,79;0,00;0,00;242,48;927,36;12,16;33.766,01;0,00;49.056,36;2.230,26;0,00;0,00;314.482,43;15.490,54;492.641,77;492.641,77
2014-03-01;0,00;8.089,79;0,00;62.357,10;3.743,09;0,00;0,00;0,00;445.479,56;7.535,14;38.199,49;4.492,12;4.275,86;0,00;0,00;242,04;1.001,20;126,43;31.695,31;0,00;52.363,39;2.174,29;0,00;0,00;311.897,97;16.558,29;495.115,53;495.115,53
2014-04-01;0,00;8.184,72;0,00;62.727,09;3.739,08;0,00;0,00;0,00;447.444,80;8.335,82;37.939,28;4.485,87;4.263,13;0,00;0,00;237,61;919,89;64,49;33.364,00;0,00;53.005,51;2.090,43;0,00;0,00;307.677,56;18.789,18;496.634,23;496.634,23
2014-05-01;0,00;13.368,48;0,00;62.675,10;3.722,90;0,00;0,00;0,00;451.952,50;7.604,19;37.508,37;4.541,44;4.307,19;0,00;0,00;233,82;951,96;8,45;33.510,85;0,00;58.081,45;2.189,68;0,00;0,00;304.263,42;16.813,03;500.866,42;500.866,42
2014-06-01;0,00;16.648,38;0,00;62.775,04;3.764,04;0,00;0,00;0,00;457.215,86;8.251,82;39.108,58;4.521,38;4.275,76;0,00;0,00;226,14;1.097,09;131,38;34.084,45;0,00;64.135,05;2.275,41;0,00;0,00;301.977,97;15.437,42;507.962,88;507.962,88
2014-07-01;0,00;11.289,68;0,00;62.705,21;3.777,20;0,00;0,00;0,00;466.618,10;13.358,61;39.089,04;4.573,33;4.324,93;0,00;0,00;227,93;992,49;19,63;34.942,99;0,00;68.385,24;2.299,56;0,00;0,00;307.282,83;14.771,72;517.329,23;517.329,23
2014-08-01;0,00;10.315,54;0,00;62.455,93;3.747,66;29,00;0,00;0,00;471.385,24;17.826,01;39.380,83;4.570,70;4.322,86;0,00;0,00;227,80;997,40;11,01;33.093,37;0,00;68.628,44;2.235,95;0,00;0,00;312.702,89;12.722,83;522.326,74;522.326,74
2014-09-01;0,00;11.866,35;0,00;62.897,02;3.848,64;0,00;0,00;0,00;471.452,31;9.336,63;38.890,82;4.660,14;4.353,56;13,00;0,00;231,37;1.036,45;155,34;35.641,34;0,00;76.524,49;2.233,00;0,00;0,00;307.459,26;13.492,58;522.046,14;522.046,14
2014-10-01;0,00;10.416,88;0,00;62.657,53;3.813,75;0,00;0,00;0,00;475.585,67;12.953,08;37.518,94;4.687,43;4.369,82;0,00;0,00;228,46;1.029,14;61,07;33.240,66;0,00;76.096,33;2.194,35;11,00;0,00;310.472,19;14.143,96;524.740,12;524.740,12
2014-11-01;0,00;8.873,27;0,00;63.648,14;3.789,22;0,00;0,00;0,00;475.727,83;13.183,97;38.098,42;4.641,06;4.331,67;0,00;0,00;218,32;1.007,09;45,61;32.488,37;0,00;73.282,79;2.131,52;0,00;0,00;314.843,24;14.297,61;525.304,07;525.304,07
2014-12-01;0,00;9.046,42;0,00;67.595,81;3.978,35;0,00;0,00;0,00;510.062,41;14.753,14;39.629,62;4.727,21;4.413,79;0,00;0,00;213,31;867,06;154,77;33.126,76;0,00;86.304,63;2.037,33;0,00;0,00;328.006,20;17.486,92;561.201,86;561.201,86
2015-01-01;0,00;8.083,07;0,00;65.593,24;3.857,44;0,00;0,00;0,00;507.856,15;8.930,21;39.141,97;4.303,71;4.018,39;0,00;0,00;192,31;847,47;63,75;32.009,43;0,00;34.852,00;1.899,12;0,00;0,00;384.820,91;19.156,53;557.812,85;557.812,85
2015-02-01;0,00;7.096,14;0,00;66.088,43;3.877,57;0,00;0,00;0,00;519.330,24;9.699,94;38.542,14;4.392,49;4.099,20;0,00;0,00;195,60;818,20;54,11;34.757,35;0,00;44.422,16;1.747,41;0,00;0,00;377.887,76;24.211,98;568.610,37;568.610,37
2015-03-01;0,00;13.968,39;0,00;66.897,04;3.898,44;0,00;0,00;0,00;531.911,39;9.512,05;38.612,42;4.412,55;4.034,55;0,00;0,00;202,51;1.045,08;140,72;37.478,68;0,00;56.272,44;1.642,93;0,00;0,00;373.918,03;18.747,42;581.347,32;581.347,32
2015-04-01;0,00;17.389,59;0,00;67.227,31;3.892,69;0,00;0,00;0,00;536.364,09;13.286,22;37.242,96;4.355,66;4.042,17;0,00;0,00;195,98;883,76;56,21;34.786,07;0,00;48.432,74;1.590,52;0,00;0,00;382.580,38;16.097,98;584.212,17;584.212,17
2015-05-01;0,00;20.851,98;0,00;67.170,41;3.888,27;0,00;0,00;0,00;525.478,93;6.965,45;37.297,62;4.275,76;4.009,71;0,00;0,00;185,13;891,63;46,37;35.838,63;0,00;39.918,11;1.542,71;0,00;0,00;379.542,36;18.684,92;573.294,00;573.294,00
2015-06-01;0,00;16.163,48;0,00;67.436,70;3.876,23;0,00;0,00;0,00;529.520,61;13.381,00;36.422,89;4.302,73;4.427,56;0,00;0,00;176,83;1.025,34;65,34;34.911,04;0,00;34.251,94;1.575,71;0,00;0,00;385.354,83;21.158,10;577.025,16;577.025,16
2015-07-01;0,00;11.858,07;0,00;67.284,20;3.848,05;0,00;0,00;0,00;550.669,75;18.846,94;35.112,16;4.385,91;4.510,60;0,00;0,00;177,97;894,36;33,27;34.932,14;0,00;43.148,89;1.490,37;0,00;0,00;397.307,72;18.906,10;596.703,25;596.703,25
2015-08-01;0,00;11.803,09;0,00;67.666,48;3.869,47;0,00;0,00;0,00;557.883,51;16.555,26;36.422,60;4.471,07;4.598,36;0,00;0,00;179,39;907,22;35,69;36.843,25;0,00;51.984,30;1.690,08;0,00;0,00;394.312,00;21.879,49;605.550,63;605.550,63
2015-09-01;0,00;12.192,36;0,00;68.181,99;3.930,55;0,00;0,00;0,00;566.181,93;24.575,47;36.339,54;4.501,65;4.627,08;0,00;0,00;190,54;1.037,44;114,18;31.981,80;0,00;50.419,93;1.625,88;0,00;0,00;396.263,65;25.701,93;613.932,96;613.932,96
2015-10-01;0,00;9.717,97;0,00;68.790,53;3.904,00;0,00;0,00;0,00;571.928,69;21.235,54;37.671,62;4.529,60;4.655,79;0,00;0,00;187,36;886,93;77,58;33.243,95;0,00;58.062,26;1.590,54;0,00;0,00;400.706,21;24.461,30;620.824,93;620.824,93
2015-11-01;0,00;9.326,96;0,00;69.385,19;3.910,69;0,00;0,00;0,00;586.970,52;23.162,05;36.530,13;4.644,68;4.764,25;0,00;0,00;184,24;847,85;60,44;33.674,13;0,00;68.938,69;1.669,62;0,00;0,00;396.424,30;29.260,84;634.877,28;634.877,28
2015-12-01;0,00;10.930,95;0,00;72.881,89;3.972,39;0,00;0,00;0,00;593.234,09;32.521,38;35.466,68;4.547,68;4.707,35;0,00;0,00;169,92;992,98;113,91;30.165,49;0,00;61.052,54;1.608,40;0,00;0,00;402.316,52;25.621,45;640.151,80;640.151,80
2016-01-01;0,00;11.031,90;0,00;71.264,08;3.918,72;0,00;0,00;0,00;599.758,58;25.242,65;38.065,32;4.648,96;4.878,35;0,00;0,00;171,77;850,41;82,48;31.756,19;0,00;74.551,64;1.644,09;0,00;0,00;405.585,88;25.123,46;649.287,25;649.287,25
2016-02-01;0,00;7.629,06;0,00;70.969,51;3.916,46;0,00;0,00;0,00;589.812,65;17.375,15;41.233,35;4.538,48;4.762,80;0,00;0,00;165,62;864,97;81,45;31.473,64;0,00;68.998,97;1.396,53;0,00;0,00;415.017,65;26.068,48;642.152,37;642.152,37
2016-03-01;0,00;6.980,44;0,00;71.491,75;4.047,94;0,00;0,00;0,00;595.374,63;18.785,92;39.614,30;4.439,51;4.748,26;0,00;0,00;160,38;1.066,87;179,41;34.383,42;0,00;66.745,61;1.366,20;0,00;0,00;421.409,80;21.962,69;646.378,56;646.378,56
2016-04-01;0,00;12.386,29;0,00;71.720,87;4.003,78;0,00;0,00;0,00;616.130,44;25.580,83;41.289,24;4.479,95;4.761,51;0,00;0,00;157,50;885,52;1.094,66;30.687,01;0,00;73.893,71;1.350,11;0,00;0,00;419.493,09;29.241,67;668.578,10;668.578,10
2016-05-01;0,00;17.984,68;0,00;72.231,86;4.027,46;15,00;0,00;0,00;624.227,24;21.863,97;40.161,41;4.568,40;4.548,53;0,00;0,00;152,85;914,60;43,67;30.648,62;0,00;82.257,55;1.359,02;0,00;0,00;420.421,76;25.385,60;675.406,12;675.406,12
2016-06-01;0,00;16.068,02;0,00;71.810,83;4.098,72;0,00;0,00;0,00;635.269,64;20.557,25;43.064,04;4.485,21;4.463,73;23,00;0,00;140,23;1.206,53;245,81;29.955,96;0,00;81.351,19;1.351,91;0,00;0,00;431.493,18;33.604,35;689.594,80;689.594,80
2016-07-01;0,00;12.146,99;0,00;72.333,55;4.046,83;0,00;0,00;0,00;641.049,83;25.704,83;43.546,50;4.445,43;4.422,77;0,00;0,00;136,65;977,39;62,89;31.495,18;0,00;81.131,99;1.339,81;52,00;0,00;438.025,63;30.121,29;695.519,77;695.519,77
2016-08-01;0,00;12.608,47;0,00;72.155,11;4.064,43;0,00;0,00;0,00;656.555,38;28.770,44;43.071,69;4.504,28;4.460,96;0,00;0,00;136,40;964,01;45,04;32.228,80;0,00;88.507,53;1.357,54;0,00;0,00;437.208,56;34.582,19;710.610,41;710.610,41
2016-09-01;0,00;12.513,38;0,00;72.682,85;4.065,17;0,00;0,00;0,00;666.227,50;35.828,72;42.925,73;4.453,65;4.410,81;0,00;0,00;133,79;1.179,85;287,56;32.307,16;0,00;88.760,74;1.329,12;0,00;0,00;453.455,70;19.982,22;720.271,98;720.271,98
2016-10-01;0,00;8.088,94;0,00;73.112,21;4.068,23;0,00;0,00;0,00;664.465,22;31.683,80;42.146,28;4.471,73;4.417,43;0,00;0,00;130,17;871,28;67,87;29.958,17;0,00;88.783,32;1.334,41;0,00;0,00;452.723,20;28.543,79;717.433,02;717.433,02
2016-11-01;0,00;7.574,00;0,00;74.716,06;4.003,38;0,00;0,00;0,00;683.305,94;33.359,95;40.090,54;4.510,53;4.454,20;0,00;0,00;166,54;849,08;88,19;29.221,34;0,00;93.281,70;1.345,98;0,00;0,00;451.888,02;39.575,87;734.215,66;734.215,66
2016-12-01;0,00;7.229,69;0,00;78.084,37;3.997,63;0,00;0,00;0,00;696.104,16;49.096,32;39.400,35;4.492,77;4.406,19;0,00;0,00;155,41;1.097,06;251,64;30.035,55;0,00;84.527,44;1.341,16;0,00;0,00;468.199,19;24.584,98;746.501,97;746.501,97
2017-01-01;0,00;5.874,17;0,00;76.266,24;3.934,37;0,00;0,00;0,00;674.519,82;30.698,54;40.056,39;4.451,02;4.353,65;0,00;0,00;152,11;855,60;149,38;33.037,27;0,00;78.264,11;1.328,32;0,00;0,00;459.431,17;37.028,36;725.200,26;725.200,26
2017-02-01;0,00;7.216,93;0,00;75.675,45;3.974,34;0,00;0,00;0,00;702.517,13;33.620,62;42.175,37;4.470,42;4.370,73;0,00;0,00;150,74;837,59;121,92;32.187,90;0,00;87.066,33;1.292,20;0,00;0,00;472.945,16;42.013,38;755.318,10;755.318,10
2017-03-01;0,00;12.431,60;0,00;76.194,54;3.999,33;0,00;0,00;0,00;710.532,15;26.605,25;41.647,64;4.463,51;4.359,53;0,00;0,00;249,49;1.137,21;179,33;30.836,25;0,00;92.423,84;1.290,90;0,00;0,00;473.160,17;46.921,75;763.216,24;763.216,24
2017-04-01;0,00;18.321,89;0,00;76.304,22;3.949,56;0,00;0,00;0,00;730.113,54;33.936,51;42.038,57;4.473,37;4.359,69;0,00;0,00;248,41;859,76;1.850,14;29.675,15;0,00;93.631,19;1.292,98;0,00;0,00;478.469,52;46.200,53;782.862,52;782.862,52
2017-05-01;0,00;24.345,00;0,00;76.291,82;3.974,53;5,00;0,00;0,00;727.977,49;34.440,31;41.020,77;4.412,55;4.301,35;0,00;0,00;238,11;871,69;137,59;33.307,49;0,00;87.342,26;1.275,47;0,00;0,00;472.617,99;46.769,43;779.664,43;779.664,43
2017-06-01;0,00;18.879,31;0,00;76.241,97;3.974,40;0,00;0,00;0,00;724.360,71;30.353,86;39.746,17;4.376,71;4.253,00;8,00;0,00;224,86;1.150,79;276,51;37.745,27;0,00;84.011,12;1.234,32;0,00;0,00;480.519,90;42.531,60;774.944,25;774.944,25
2017-07-01;0,00;15.563,49;0,00;76.503,11;3.901,05;0,00;0,00;0,00;745.274,44;28.065,86;41.101,18;4.487,51;4.357,06;0,00;0,00;227,47;880,17;199,58;35.892,21;0,00;108.042,81;1.183,87;43,00;0,00;478.983,58;49.144,07;796.925,24;796.925,24
2017-08-01;0,00;17.021,43;0,00;76.070,87;3.888,29;0,00;0,00;0,00;747.029,94;29.565,42;42.360,31;4.489,81;4.360,93;0,00;0,00;225,15;875,45;166,91;36.863,80;0,00;109.630,66;1.148,19;0,00;0,00;467.089,87;58.989,50;799.888,26;799.888,26
2017-09-01;0,00;16.131,46;0,00;76.521,99;3.893,40;0,00;0,00;0,00;760.965,63;36.048,82;41.674,38;4.510,20;4.380,61;0,00;0,00;225,22;1.162,68;339,54;35.371,39;0,00;116.541,23;1.154,45;0,00;0,00;468.449,54;59.542,21;813.456,38;813.456,38
2017-10-01;0,00;15.138,57;0,00;76.970,94;3.870,16;0,00;0,00;0,00;782.817,58;42.215,97;42.357,14;4.609,50;4.431,48;0,00;0,00;230,40;869,83;275,67;34.456,87;0,00;132.853,39;1.089,92;0,00;0,00;465.471,80;63.673,81;835.666,51;835.666,51
2017-11-01;0,00;14.964,93;0,00;78.170,25;3.875,40;0,00;0,00;0,00;784.238,64;44.454,04;42.126,52;4.581,22;4.395,97;0,00;0,00;221,24;847,65;222,51;32.303,01;0,00;132.011,72;963,41;0,00;0,00;467.939,42;62.021,73;836.668,84;836.668,84
2017-12-01;0,00;14.754,84;0,00;81.638,89;3.956,18;0,00;0,00;0,00;790.124,78;45.933,57;42.494,05;4.572,67;4.495,52;0,00;0,00;210,28;1.154,31;314,79;34.398,75;0,00;137.167,83;871,27;0,00;0,00;470.439,41;54.085,61;843.306,37;843.306,37
2018-01-01;0,00;8.484,26;0,00;79.622,68;3.861,58;0,00;0,00;0,00;759.714,52;29.893,32;41.882,53;4.463,84;4.388,70;0,00;0,00;201,05;892,68;254,22;38.148,10;0,00;122.085,45;829,27;0,00;0,00;464.076,10;64.742,37;811.770,33;811.770,33
2018-02-01;0,00;8.934,00;0,00;79.035,11;3.875,48;0,00;0,00;0,00;767.985,20;35.813,22;41.625,84;4.486,86;4.496,55;0,00;0,00;200,77;880,79;264,50;37.369,44;0,00;123.488,19;833,54;0,00;0,00;456.680,25;73.826,62;819.898,18;819.898,18
2018-03-01;0,00;15.280,60;0,00;79.566,82;3.895,87;0,00;0,00;0,00;768.362,89;30.769,53;42.269,43;4.566,10;4.552,16;0,00;0,00;203,11;1.131,97;235,57;36.858,47;0,00;130.320,43;841,72;0,00;0,00;466.174,69;57.484,94;821.257,15;821.257,15
2018-04-01;0,00;21.640,06;0,00;79.142,61;3.876,45;0,00;0,00;0,00;787.388,50;30.732,46;43.470,59;4.678,29;4.664,03;52,00;0,00;209,01;904,62;220,76;33.327,84;0,00;149.194,75;864,08;0,00;0,00;473.850,53;48.537,99;841.377,28;841.377,28
2018-05-01;0,00;28.348,93;0,00;79.006,02;3.892,80;0,00;0,00;0,00;774.548,62;33.654,82;42.939,09;4.593,72;4.581,29;0,00;0,00;204,63;917,77;237,23;34.781,80;0,00;133.033,06;848,46;0,00;0,00;464.140,85;50.136,24;827.932,67;827.932,67
2018-06-01;0,00;27.775,53;0,00;79.011,67;3.918,45;0,00;0,00;0,00;783.814,39;35.084,11;41.561,74;4.595,49;4.583,04;0,00;0,00;195,50;1.145,16;296,56;33.488,21;0,00;140.281,99;1.057,07;0,00;0,00;466.097,18;49.644,62;836.275,35;836.275,35
2018-07-01;0,00;21.314,94;0,00;79.075,14;3.859,47;0,00;0,00;0,00;776.934,62;28.481,73;40.416,58;4.564,52;4.552,17;0,00;0,00;224,01;927,80;236,73;33.975,52;0,00;138.875,03;1.020,63;0,00;0,00;476.874,30;44.537,36;827.935,27;827.935,27
2018-08-01;0,00;20.945,96;0,00;78.877,50;3.867,20;0,00;0,00;0,00;753.850,22;22.440,10;38.952,30;4.452,30;4.404,91;0,00;0,00;264,29;924,09;226,90;34.462,24;0,00;120.213,44;995,53;0,00;0,00;476.436,84;45.203,26;803.258,54;803.258,54
2018-09-01;0,00;19.805,62;0,00;78.610,35;3.833,07;0,00;0,00;0,00;763.049,33;23.537,46;38.765,47;4.479,36;4.431,62;0,00;0,00;266,91;1.428,78;219,21;36.411,95;0,00;127.340,57;1.002,82;0,00;0,00;467.377,96;54.995,52;812.778,00;812.778,00
2018-10-01;0,00;17.871,87;0,00;78.727,63;3.840,77;0,00;0,00;0,00;778.049,97;25.866,34;40.823,28;4.568,60;4.519,97;0,00;0,00;271,26;1.033,58;222,25;39.074,85;0,00;141.928,06;1.108,10;0,00;0,00;470.833,99;50.553,36;829.646,94;829.646,94
2018-11-01;0,00;16.787,75;0,00;79.413,33;3.871,66;0,00;0,00;0,00;775.131,19;26.141,45;40.672,43;4.539,23;4.492,84;0,00;0,00;268,23;1.025,81;162,94;37.548,32;0,00;138.848,60;1.100,98;0,00;0,00;475.593,30;47.528,21;826.563,13;826.563,13
2018-12-01;0,00;15.612,62;0,00;82.238,83;3.977,08;0,00;0,00;0,00;763.727,90;34.811,78;42.237,32;4.486,53;4.440,59;0,00;0,00;260,29;1.237,24;472,17;41.478,58;0,00;120.232,30;1.188,41;0,00;0,00;480.634,27;37.101,75;817.068,82;817.068,82
2019-01-01;0,00;11.719,42;0,00;80.063,13;3.939,63;0,00;0,00;0,00;773.094,51;30.483,46;44.024,52;4.573,33;4.526,59;0,00;0,00;260,33;951,52;340,08;35.655,57;0,00;135.230,67;1.151,81;0,00;0,00;484.407,97;45.475,26;827.948,89;827.948,89
2019-02-01;0,00;11.570,22;0,00;79.738,84;3.919,53;0,00;0,00;0,00;755.094,34;14.532,91;43.900,09;4.565,57;4.521,34;0,00;0,00;258,13;929,90;319,21;36.051,34;0,00;133.535,79;1.138,47;0,00;0,00;485.246,85;44.201,07;809.761,80;809.761,80
2019-03-01;0,00;18.521,68;0,00;79.988,16;4.038,21;0,00;0,00;0,00;767.715,03;9.415,49;43.117,82;4.545,91;4.501,79;0,00;0,00;257,09;1.480,33;320,06;35.622,60;0,00;150.936,39;1.180,11;0,00;0,00;481.580,18;41.359,91;822.290,38;822.290,38
2019-04-01;0,00;29.525,28;0,00;79.705,72;3.987,16;0,00;0,00;0,00;788.039,31;12.150,24;43.716,37;4.643,93;4.598,94;48,00;0,00;261,96;1.035,95;242,76;30.788,79;0,00;167.111,65;1.254,71;0,00;0,00;477.300,42;41.377,62;842.894,40;842.894,40
2019-05-01;0,00;30.229,81;0,00;79.527,99;3.993,18;0,00;0,00;0,00;775.376,24;11.877,24;43.608,71;4.552,09;4.510,50;0,00;0,00;256,16;1.020,42;157,62;31.044,37;0,00;154.929,57;1.229,90;0,00;0,00;471.562,26;46.114,17;829.995,12;829.995,12
2019-06-01;0,00;29.677,79;0,00;79.306,28;4.020,46;0,00;0,00;0,00;777.850,89;14.107,91;46.015,32;4.456,34;4.415,56;0,00;0,00;247,62;1.300,01;348,79;30.494,99;0,00;156.695,27;1.205,90;0,00;0,00;473.953,29;46.015,09;835.055,75;835.055,75
2019-07-01;0,00;26.920,15;0,00;79.222,24;4.018,62;0,00;0,00;0,00;783.412,31;13.383,43;47.327,54;4.476,99;4.436,09;0,00;0,00;247,21;999,14;159,11;32.343,03;0,00;160.922,06;1.389,34;0,00;0,00;469.505,67;54.897,58;841.830,25;841.830,25
2019-08-01;0,00;27.419,76;0,00;78.956,43;4.003,35;0,00;0,00;0,00;784.546,50;9.685,17;50.471,60;4.450,79;4.407,97;0,00;0,00;244,02;1.018,16;178,10;35.885,75;0,00;160.511,77;1.381,21;0,00;0,00;474.920,87;54.064,18;846.072,81;846.072,81
2019-09-01;0,00;27.604,66;0,00;79.696,94;4.148,99;0,00;0,00;0,00;797.782,27;11.648,10;49.524,92;4.461,77;4.421,62;0,00;0,00;244,79;1.463,58;326,12;35.899,05;0,00;169.700,44;1.308,43;0,00;0,00;479.365,30;50.192,23;858.894,61;858.894,61
2019-10-01;0,00;25.256,34;0,00;79.982,93;4.053,39;0,00;0,00;0,00;800.486,22;10.698,66;49.923,71;4.478,57;4.438,34;0,00;0,00;243,83;1.075,68;83,78;34.129,37;0,00;174.134,24;1.311,74;0,00;0,00;492.673,86;40.095,15;861.532,90;861.532,90
2019-11-01;0,00;24.368,63;0,00;81.026,38;4.114,03;0,00;0,00;0,00;804.698,39;10.840,77;48.788,15;4.503,99;4.466,02;0,00;0,00;246,03;1.038,38;72,72;30.206,52;0,00;178.900,51;1.250,01;0,00;0,00;501.212,68;33.468,81;864.601,02;864.601,02
2019-12-01;0,00;23.481,50;0,00;84.450,11;4.074,25;6.529,00;0,00;0,00;794.015,28;13.314,66;49.110,85;4.417,91;4.380,62;0,00;0,00;276,23;1.201,37;237,54;31.997,38;0,00;167.082,52;1.368,65;0,00;0,00;505.810,57;30.164,09;860.956,26;860.956,26
2020-01-01;0,00;21.306,51;0,00;82.805,21;4.028,39;0,00;0,00;0,00;783.042,64;4.647,94;51.119,63;4.385,52;4.348,53;0,00;0,00;347,62;930,04;126,57;29.832,59;0,00;162.744,79;1.357,28;0,00;0,00;501.671,38;37.653,62;845.174,13;845.174,13
2020-02-01;0,00;21.317,85;0,00;82.493,64;4.071,09;0,00;0,00;0,00;788.307,46;4.849,96;52.291,99;4.362,53;4.327,83;0,00;0,00;345,12;914,49;231,50;29.280,84;0,00;160.757,25;1.314,62;0,00;0,00;500.012,63;48.266,39;851.572,59;851.572,59
2020-03-01;0,00;24.142,98;0,00;83.224,39;3.978,73;642,00;5.876,42;0,00;781.440,80;4.046,63;51.920,26;4.332,25;4.164,86;0,00;0,00;476,49;1.408,43;294,52;34.283,54;5.898,65;128.857,44;1.291,87;0,00;1.111,01;526.069,76;41.160,70;852.310,87;852.310,87
2020-04-01;0,00;31.408,81;0,00;83.781,78;3.943,90;6.078,00;10.311,94;0,00;811.870,96;29,54;55.331,26;4.360,00;4.191,57;0,00;0,00;761,66;1.117,84;47,79;29.086,76;10.291,04;136.430,64;1.664,82;0,00;8.217,01;584.409,40;23.643,18;903.488,95;903.488,95
2020-05-01;0,00;36.224,53;0,00;84.371,79;3.933,40;4.013,00;9.920,51;0,00;827.403,80;228,26;55.658,78;4.338,24;4.491,83;0,00;0,00;940,86;1.067,71;28,70;29.898,00;9.981,48;137.899,13;1.682,01;0,00;9.535,39;591.288,04;24.389,12;918.647,30;918.647,30
2020-06-01;0,00;35.720,34;0,00;84.901,43;4.003,66;4.654,00;9.608,50;0,00;863.218,85;1.891,47;56.231,99;4.299,44;4.451,67;0,00;0,00;932,85;1.439,64;268,33;32.936,79;9.717,66;163.848,93;1.654,32;0,00;10.102,04;596.650,04;26.063,07;956.297,51;956.297,51
2020-07-01;0,00;23.318,08;0,00;84.748,94;4.005,54;4.300,00;2.911,49;0,00;859.129,79;2.133,79;59.949,05;4.220,39;4.369,81;0,00;0,00;912,63;1.176,07;42,62;29.449,84;3.039,12;159.912,56;1.623,74;0,00;10.899,56;625.402,28;17.010,08;949.277,69;949.277,69
2020-08-01;0,00;24.170,49;0,00;84.847,82;3.984,39;7.650,00;1.937,73;0,00;859.650,17;880,64;59.468,90;4.221,05;4.370,77;0,00;0,00;911,89;1.163,80;35,41;29.279,61;2.027,84;156.763,60;1.589,21;0,00;11.084,08;630.860,41;18.724,07;951.810,95;951.810,95
2020-09-01;0,00;22.022,76;0,00;85.263,30;4.009,01;8.217,62;689,53;0,00;884.157,45;412,51;58.229,25;4.267,15;4.418,53;0,00;0,00;922,53;1.321,39;326,59;28.655,89;694,25;178.161,17;1.872,82;0,00;11.175,94;636.612,12;18.598,31;975.014,06;975.014,06
2020-10-01;0,00;18.491,47;0,00;85.615,81;4.017,91;7.250,00;1.917,37;0,00;882.109,63;397,73;57.556,26;4.253,73;4.404,61;0,00;0,00;918,65;994,84;69,11;27.579,46;1.909,63;171.787,42;1.866,72;0,00;11.253,57;634.953,95;27.231,25;972.289,57;972.289,57
2020-11-01;0,00;15.770,06;0,00;86.382,06;4.033,24;5.400,00;4.155,69;0,00;890.078,06;3.534,01;53.685,18;4.247,03;4.398,04;0,00;0,00;916,18;1.100,55;52,27;27.998,83;4.194,02;172.147,90;1.863,77;0,00;11.372,74;637.929,65;24.747,61;977.003,44;977.003,44
2020-12-01;0,00;13.755,32;0,00;89.013,63;4.072,90;549,95;8.841,74;0,00;910.001,04;9.572,95;55.747,12;4.214,01;4.363,88;0,00;0,00;907,63;1.517,64;387,85;32.160,94;9.027,14;183.950,58;1.849,58;0,00;11.176,39;628.825,19;28.120,24;999.027,87;999.027,87
2021-01-01;0,00;11.321,13;0,00;87.886,88;4.061,67;500,00;4.538,84;0,00;913.978,68;8.049,23;55.389,18;4.211,32;4.361,06;0,00;0,00;907,25;995,93;100,06;33.193,23;4.587,79;187.620,83;1.848,10;0,00;11.204,13;636.612,65;24.201,71;997.784,83;997.784,83
2021-02-01;0,00;12.491,83;0,00;87.805,72;4.037,99;0,00;1.934,47;0,00;933.853,48;10.784,11;52.895,90;4.287,76;4.440,69;0,00;0,00;923,83;1.051,26;112,63;31.119,20;1.895,20;202.958,68;1.829,24;0,00;11.200,38;640.787,84;19.924,26;1.012.167,24;1.012.167,24
2021-03-01;0,00;16.522,17;0,00;88.643,79;4.017,44;0,00;1.506,56;0,00;951.463,26;11.565,91;53.421,08;4.394,46;4.551,19;0,00;0,00;946,38;1.578,92;323,60;33.089,71;1.497,61;221.660,94;1.929,99;0,00;11.118,68;627.722,64;25.112,67;1.030.533,50;1.030.533,50
2021-04-01;0,00;17.958,97;0,00;89.020,14;3.948,96;0,00;45,52;0,00;934.077,67;10.662,44;53.838,07;4.294,05;4.447,20;0,00;0,00;923,71;986,99;6.163,75;27.497,97;46,34;199.173,12;1.885,71;0,00;11.000,60;634.161,95;22.175,72;1.011.154,44;1.011.154,44
2021-05-01;0,00;29.002,85;0,00;88.645,19;3.943,57;0,00;45,02;0,00;931.648,46;8.566,81;57.381,65;4.269,75;4.422,34;0,00;0,00;917,68;1.065,44;52,86;28.488,89;46,34;198.905,53;1.875,04;0,00;10.846,96;632.762,86;21.405,10;1.012.146,18;1.012.146,18
2021-06-01;0,00;26.831,57;0,00;88.395,65;3.985,52;0,00;0,00;0,00;963.833,96;14.054,26;54.358,64;4.328,50;4.483,21;0,00;0,00;931,37;1.290,08;352,18;28.999,14;0,00;221.449,26;1.982,71;0,00;10.555,53;634.460,59;22.549,87;1.041.421,02;1.041.421,02
2021-07-01;0,00;23.421,61;0,00;88.274,24;3.983,72;0,00;0,00;0,00;945.944,46;13.542,65;55.280,74;4.252,25;4.404,01;0,00;0,00;914,71;1.021,72;86,24;31.013,95;0,00;204.687,07;1.947,64;0,00;10.330,25;636.658,04;21.891,20;1.023.827,26;1.023.827,26
2021-08-01;0,00;23.798,16;0,00;87.951,71;3.979,59;0,00;0,00;0,00;957.091,43;17.302,51;55.301,77;11.480,18;11.658,00;0,00;0,00;920,76;1.093,57;35,30;30.536,90;0,00;209.602,48;1.960,37;0,00;10.209,67;637.432,84;24.075,08;1.042.215,17;1.042.215,17
2021-09-01;0,00;21.444,50;0,00;88.032,49;3.981,82;0,00;0,00;0,00;965.459,63;15.625,70;54.468,17;11.635,76;11.864,23;0,00;0,00;932,50;1.312,72;318,06;33.391,71;0,00;219.374,16;1.960,70;0,00;10.040,81;637.446,56;22.751,65;1.050.020,58;1.050.020,58
2021-10-01;0,00;17.497,97;0,00;88.059,74;4.007,81;0,00;0,00;0,00;951.173,02;18.147,30;54.142,78;11.372,41;11.789,12;0,00;0,00;911,15;1.117,81;74,35;32.834,43;0,00;198.418,32;1.916,18;0,00;9.830,61;646.350,18;22.133,78;1.034.888,48;1.034.888,48
2021-11-01;0,00;15.836,68;0,00;88.701,61;4.023,71;0,00;0,00;0,00;950.107,38;20.064,43;55.231,68;11.351,68;11.767,99;0,00;0,00;910,05;1.007,76;136,31;33.499,54;0,00;193.691,38;2.005,36;0,00;9.574,31;645.801,28;25.545,33;1.034.628,24;1.034.628,24
2021-12-01;0,00;12.617,08;0,00;90.685,26;4.031,72;3.216,00;2.147,23;0,00;966.202,18;20.888,53;55.690,74;11.325,05;11.912,47;0,00;0,00;907,95;1.464,69;292,43;35.297,94;2.173,75;204.249,06;2.000,81;0,00;9.202,40;651.090,96;28.156,15;1.056.776,21;1.056.776,21
2022-01-01;0,00;9.972,88;0,00;89.912,10;4.007,74;574,00;0,00;0,00;976.955,14;19.167,99;55.893,52;11.463,87;12.058,45;0,00;0,00;1.021,61;1.226,95;53,39;36.316,02;0,00;215.894,15;2.025,17;0,00;9.124,15;659.563,40;20.542,91;1.062.886,74;1.062.886,74
2022-02-01;0,00;12.448,43;0,00;89.728,99;3.977,77;666,00;0,00;0,00;968.738,57;21.879,21;58.727,89;11.338,54;11.670,03;0,00;0,00;1.010,25;1.408,06;99,47;35.231,08;0,00;207.298,98;1.975,39;0,00;8.982,16;659.357,30;19.774,12;1.057.156,12;1.057.156,12
2022-03-01;0,00;14.497,55;0,00;90.436,33;3.788,36;11.398,88;0,00;0,00;937.329,48;23.036,47;59.852,58;11.278,75;11.608,59;0,00;0,00;912,08;2.177,85;1.083,44;40.154,85;0,00;171.468,70;2.130,93;0,00;8.671,77;664.675,59;21.238,86;1.037.870,53;1.037.870,53
2022-04-01;0,00;23.417,22;0,00;90.570,52;3.761,35;19.350,00;0,00;0,00;955.927,48;23.531,08;62.001,58;11.506,73;11.843,13;0,00;0,00;930,21;1.923,67;6.077,72;39.350,65;0,00;186.715,34;2.197,41;0,00;8.169,24;665.056,15;19.878,67;1.066.104,08;1.066.104,08
2022-05-01;0,00;35.401,05;0,00;90.898,73;3.742,57;22.378,00;0,00;0,00;958.989,98;28.887,01;59.393,24;11.427,97;11.763,90;0,00;0,00;919,87;1.904,66;117,40;38.568,38;0,00;181.945,88;2.182,37;0,00;8.012,06;664.380,72;17.659,51;1.069.286,66;1.069.286,66
2022-06-01;0,00;33.051,69;0,00;90.585,91;3.579,07;19.356,71;0,00;0,00;884.385,85;31.187,17;58.070,40;11.233,59;11.474,97;0,00;0,00;905,24;2.510,00;1.683,10;41.183,44;0,00;103.083,40;2.185,49;0,00;7.789,18;641.786,00;36.462,61;990.256,90;990.256,90
2022-07-01;0,00;28.656,62;0,00;89.165,25;3.620,85;14.871,00;0,00;0,00;869.850,02;19.193,04;56.181,18;11.108,36;11.345,83;0,00;0,00;894,14;1.775,03;127,41;48.642,84;0,00;99.448,22;2.159,12;0,00;7.567,80;642.824,67;29.098,57;968.264,98;968.264,98
2022-08-01;0,00;27.080,21;0,00;85.891,15;3.643,27;16.570,05;0,00;0,00;863.778,72;5.692,63;56.206,85;11.248,59;11.687,08;32,00;0,00;905,43;2.304,25;94,31;50.059,92;0,00;107.759,89;2.180,91;48,00;7.290,15;639.320,38;37.339,63;964.566,69;964.566,69
2022-09-01;0,00;22.407,34;0,00;82.550,17;3.584,30;0,00;19,57;0,00;808.353,52;2.268,21;54.626,89;11.056,32;11.488,32;55.280,56;0,00;890,70;2.876,63;2.288,05;33.001,04;19,91;55.878,42;2.139,30;17.845,48;5.488,13;540.568,85;66.303,01;889.467,37;889.467,37
2022-10-01;0,00;18.656,47;0,00;81.046,07;3.564,07;0,00;0,00;0,00;821.902,06;5.140,17;55.026,17;11.316,14;11.757,27;66.065,00;0,00;909,08;2.047,18;218,20;22.598,58;0,00;81.583,92;2.184,04;77.008,67;4.726,60;516.009,49;22.473,76;902.116,46;902.116,46
2022-11-01;0,00;17.510,84;0,00;80.190,88;3.586,32;0,00;0,00;0,00;804.734,99;12.923,55;55.798,08;11.012,23;11.462,22;62.926,00;0,00;880,83;1.907,80;88,36;21.990,99;0,00;67.906,85;2.125,38;88.519,48;4.470,56;510.849,13;11.047,88;884.966,18;884.966,18
2022-12-01;0,00;16.667,95;0,00;81.696,80;3.564,82;0,00;0,00;0,00;800.566,19;16.739,67;56.099,26;10.919,09;11.380,71;67.144,75;0,00;877,46;2.321,30;1.960,94;27.803,89;0,00;65.768,01;2.136,60;98.168,81;4.430,46;466.922,66;27.584,24;881.376,81;881.376,81
2023-01-01;0,00;12.057,32;0,00;80.009,82;3.541,61;0,00;0,00;0,00;800.814,42;15.412,38;59.397,29;11.022,10;11.475,47;63.020,00;0,00;881,62;1.943,58;171,92;10.104,21;0,00;80.366,40;2.145,39;98.095,14;4.373,82;495.241,43;19.072,48;884.573,20;884.573,20
2023-02-01;0,00;9.481,80;0,00;78.850,05;3.551,31;0,00;0,00;0,00;795.871,85;21.259,81;56.886,96;10.991,94;11.467,88;60.611,00;0,00;879,21;1.994,73;246,26;7.942,36;0,00;76.039,67;2.134,17;103.562,75;4.312,32;488.349,85;19.762,94;877.098,42;877.098,42
2023-03-01;0,00;10.626,52;0,00;78.157,56;3.619,32;0,00;91,33;0,00;761.271,84;59.355,39;60.447,78;10.883,55;11.239,82;71.015,86;0,00;873,62;2.449,41;1.999,85;11.618,78;91,82;92.694,01;2.182,92;103.579,18;112.421,74;481.296,07;33.279,20;954.597,79;954.597,79
2023-04-01;0,00;14.394,21;0,00;77.558,25;3.612,42;0,00;0,00;0,00;751.820,31;17.813,86;59.368,89;10.639,52;10.985,28;90.460,00;0,00;849,34;1.992,37;89,39;4.471,16;0,00;78.510,18;2.123,75;123.458,79;101.731,27;499.140,46;15.947,79;932.483,63;932.483,63
2023-05-01;0,00;25.675,12;0,00;76.642,14;3.621,66;0,00;0,00;0,00;759.143,71;18.884,00;60.022,78;10.660,16;11.026,32;69.273,00;0,00;847,27;1.956,72;79,47;5.778,41;0,00;83.327,66;2.114,09;132.571,19;91.990,96;495.625,86;12.206,50;930.723,51;930.723,51
2023-06-01;0,00;25.031,51;0,00;75.931,93;3.718,20;0,00;0,00;0,00;741.599,50;15.047,24;57.302,88;10.568,52;11.061,06;73.947,61;0,00;845,45;2.306,47;2.025,92;3.608,24;0,00;79.491,56;2.060,39;131.384,37;66.699,10;462.501,51;6.054,63;885.593,05;885.593,05
2023-07-01;0,00;19.918,29;0,00;75.350,47;3.705,36;0,00;0,00;0,00;717.876,94;15.902,96;57.299,77;10.301,83;10.779,46;59.965,00;0,00;818,79;1.877,36;81,33;3.204,77;0,00;64.697,54;1.997,35;113.568,02;56.312,05;467.871,89;19.804,98;850.667,09;850.667,09
2023-08-01;0,00;20.906,80;0,00;74.723,00;3.705,29;0,00;0,00;0,00;719.340,50;26.486,19;57.400,04;10.335,78;10.845,52;77.028,00;0,00;821,49;1.799,75;115,32;2.188,64;0,00;67.453,91;1.935,51;100.833,62;41.400,82;453.560,30;3.617,35;837.248,92;837.248,92
2023-09-01;0,00;19.013,87;0,00;74.438,03;3.710,60;0,00;9,14;0,00;703.263,70;23.839,21;57.171,02;10.566,32;11.271,29;64.011,76;0,00;843,95;1.970,24;1.854,44;2.379,88;9,17;67.455,58;1.990,98;91.146,52;41.577,97;460.394,06;6.700,07;821.808,90;821.808,90
2023-10-01;0,00;17.597,53;0,00;74.276,41;3.696,11;0,00;0,00;0,00;682.726,98;22.100,98;60.682,83;10.459,87;11.140,82;62.483,00;0,00;829,70;1.733,22;221,50;2.219,78;0,00;66.033,84;1.958,75;82.679,17;41.248,88;461.972,44;3.972,78;804.017,29;804.017,29
2023-11-01;0,00;17.373,64;0,00;74.569,99;3.696,95;0,00;0,00;0,00;665.318,08;22.335,00;59.618,67;10.294,86;10.988,81;52.675,00;0,00;813,03;1.583,42;123,22;1.795,59;0,00;54.759,36;1.883,97;83.147,15;40.866,13;455.267,19;12.428,06;784.769,06;784.769,06
2023-12-01;0,00;15.398,32;0,00;76.321,37;3.852,32;0,00;0,00;0,00;677.395,84;22.858,51;57.817,66;10.100,48;10.901,78;61.667,81;0,00;745,33;1.739,53;1.487,07;2.142,60;0,00;62.583,90;1.885,21;86.699,73;40.306,45;449.439,50;5.944,84;794.644,12;794.644,12
2024-01-01;0,00;10.503,33;0,00;74.691,05;3.833,13;0,00;0,00;0,00;683.843,03;21.668,46;58.767,55;10.122,44;10.862,58;64.726,00;0,00;737,94;1.520,44;136,91;1.936,61;0,00;71.300,97;1.877,67;68.726,09;40.346,30;462.834,92;15.141,86;801.788,64;801.788,64
2024-02-01;0,00;12.469,86;0,00;74.146,73;3.831,04;0,00;0,00;0,00;701.295,85;23.676,85;60.183,17;10.304,47;11.092,04;72.993,00;0,00;1.331,31;1.537,52;101,49;1.871,06;0,00;88.188,73;1.854,43;68.940,32;40.560,78;452.739,14;16.254,48;821.686,13;821.686,13
2024-03-01;0,00;11.568,31;0,00;74.163,95;3.866,97;0,00;0,00;0,00;741.201,98;25.584,02;66.756,19;10.570,55;11.073,52;75.961,97;0,00;1.371,80;1.553,88;1.356,60;1.859,56;0,00;121.388,75;1.913,98;83.778,75;20.864,81;440.552,90;1.817,78;848.603,14;848.603,14
2024-04-01;0,00;19.600,30;0,00;73.824,03;3.845,07;0,00;0,00;0,00;747.938,98;27.032,49;70.640,86;10.592,34;11.077,12;70.685,00;0,00;1.366,82;1.418,27;82,61;2.196,74;0,00;130.936,93;1.863,21;58.837,52;20.667,09;453.844,53;11.184,94;858.817,43;858.817,43
2024-05-01;0,00;30.546,69;0,00;73.492,44;3.849,68;0,00;0,00;0,00;742.082,65;24.005,38;70.773,44;10.575,58;11.096,03;68.235,00;0,00;1.360,98;1.409,74;67,38;1.767,97;0,00;127.520,66;1.804,18;53.465,57;11.373,46;448.469,45;5.604,03;843.750,15;843.750,15
2024-06-01;0,00;26.524,30;0,00;73.215,49;3.900,84;0,00;0,00;0,00;730.928,92;18.717,11;70.019,58;10.426,53;10.933,66;77.740,20;0,00;1.351,00;1.511,39;1.085,01;1.615,47;0,00;119.387,15;1.870,96;55.885,30;2.012,19;435.624,68;2.307,29;822.528,54;822.528,54
2024-07-01;0,00;24.233,14;0,00;73.128,89;3.875,29;0,00;0,00;0,00;719.731,17;15.704,59;71.186,41;10.319,29;10.932,34;79.714,00;0,00;1.525,69;1.381,16;61,50;1.941,07;0,00;112.774,52;1.745,68;51.145,44;1.979,00;441.647,54;1.686,75;812.356,75;812.356,75
2024-08-01;0,00;24.182,17;0,00;72.198,78;3.866,44;0,00;0,00;0,00;713.233,59;19.393,39;71.471,59;10.082,93;10.717,03;86.476,00;0,00;1.486,75;1.311,31;225,75;2.080,23;0,00;101.380,67;1.648,53;47.864,85;1.955,97;440.171,42;1.635,00;805.691,20;805.691,20
2024-09-01;0,00;21.750,40;0,00;72.022,49;3.974,90;0,00;0,00;0,00;738.256,67;22.342,39;74.431,11;10.099,24;10.738,37;67.889,88;0,00;1.497,04;1.322,69;874,52;5.802,61;0,00;125.061,00;1.658,87;49.626,86;1.861,47;444.714,23;13.557,50;833.741,13;833.741,13
2024-10-01;0,00;18.401,82;0,00;72.024,98;3.950,61;0,00;0,00;0,00;735.525,81;17.157,79;79.132,32;10.164,60;10.803,25;83.111,00;0,00;1.497,18;1.011,85;74,56;2.183,07;0,00;132.028,47;1.618,51;49.495,48;1.699,40;443.931,03;6.666,12;835.238,93;835.238,93
2024-11-01;0,00;18.011,07;0,00;72.312,70;3.936,77;0,05;0,00;0,00;744.170,50;19.143,97;78.267,71;10.228,01;10.862,07;86.327,00;0,00;1.502,96;977,46;100,00;1.799,84;0,00;137.333,67;1.716,74;48.264,25;1.615,02;448.129,70;1.399,08;843.049,28;843.049,28
2024-12-01;0,00;16.472,46;0,00;74.171,85;4.027,99;0,00;0,00;0,00;754.159,47;23.305,98;79.047,81;10.312,32;10.944,38;82.549,82;0,00;1.595,87;1.095,80;456,28;2.150,60;0,00;143.313,02;1.715,28;70.156,87;1.491,63;420.034,87;11.154,17;854.078,23;854.078,23
2025-01-01;0,00;11.094,12;0,00;72.995,88;3.990,67;0,00;0,00;0,00;755.772,49;19.605,49;85.504,50;10.473,80;11.066,05;107.023,00;0,00;1.609,36;989,48;88,79;1.862,06;0,00;154.925,98;1.733,26;54.703,25;1.461,17;422.557,96;6.796,65;862.126,99;862.126,99
2025-02-01;0,00;12.825,80;0,00;72.592,38;3.972,05;0,00;0,00;0,00;756.217,84;21.294,57;85.540,78;10.421,86;11.042,47;103.990,00;0,00;1.597,24;980,08;102,21;1.569,64;0,00;153.369,47;1.632,98;57.225,47;1.448,23;426.554,57;2.485,68;862.431,65;862.431,65
2025-03-01;0,00;11.575,76;0,00;72.445,86;3.905,34;0,00;0,00;0,00;753.955,60;28.436,16;91.825,16;10.329,70;10.988,41;89.389,74;0,00;1.611,11;1.205,47;424,91;4.571,54;0,00;149.993,34;1.675,94;67.839,13;1.411,13;417.420,11;14.151,92;866.578,17;866.578,17
2025-04-01;0,00;19.391,08;0,00;72.340,86;3.903,36;0,00;0,00;0,00;732.609,85;30.416,47;90.988,59;9.864,65;10.490,67;85.320,00;0,00;1.530,87;992,62;106,28;2.334,14;0,00;117.741,24;1.711,00;61.403,19;1.215,92;434.396,42;10.128,55;843.442,87;843.442,87
